adm_cd,admi_cd,sgg_nm,admi_nm,나들이적합도,매력도지수,매력도지수_pct,주차여유지수,주차여유지수_pct,store_food,store_cafe,facility_cnt,slots_per_1k,z_residual
11010610,11110615,종로구,종로1.2.3.4가동,98.45450259047585,4.620844340582389,99.43977591036415,2.4895960535338832,97.47899159663865,2047.0,551.0,500.0,20.041014934926775,1.547854728148942
11180510,11545510,금천구,가산동,96.7737455503145,3.4156163994480484,97.75910364145658,2.2684691787025226,95.7983193277311,1147.0,398.0,304.0,21.002167969329346,1.384981095836474
11010530,11110530,종로구,사직동,96.60576714756245,2.3143160618417595,94.11764705882352,3.022996835732218,99.15966386554622,794.0,270.0,206.0,42.39531302523105,1.8641978629559004
11030730,11170625,용산구,한강로동,95.08060796585917,2.984911858186431,96.9187675070028,1.9907296514883996,93.27731092436974,927.0,364.0,242.0,15.729864982763107,1.3651153690754865
11220660,11650651,서초구,양재1동,93.27352554965786,2.090633543846834,92.43697478991596,2.0997013363037533,94.11764705882352,477.0,188.0,263.0,20.76945805987799,1.426676479781738
11140740,11440740,마포구,상암동,92.83929086373418,2.4069787099416806,94.67787114845937,1.79009749115518,91.03641456582633,654.0,222.0,247.0,16.195238283855176,1.1731138589590877
11190740,11560535,영등포구,영등포동,92.34143267157945,2.873320111807836,96.63865546218487,1.625237187334974,88.23529411764706,923.0,188.0,325.0,12.507727536057962,1.1285848775145997
11250730,11740610,강동구,천호2동,91.76053317826819,1.5986821510852474,85.15406162464986,2.9602013440494064,98.8795518207283,557.0,145.0,203.0,40.30176976707549,1.9696442184686251
11230510,11680510,강남구,신사동,90.89668224705301,2.740258768804256,96.07843137254902,1.5235574778525847,85.99439775910365,787.0,257.0,260.0,13.038584209897852,0.9603100104406268
11150510,11470510,양천구,목1동,90.63691701604165,1.5603968057967224,84.03361344537815,2.510559078376635,97.75910364145658,500.0,156.0,190.0,29.115875190308515,1.6977991314207028
11020590,11140590,중구,광희동,90.2969319754198,1.7006219447970585,87.6750700280112,1.9794692757816605,92.99719887955182,553.0,164.0,185.0,21.300203730314223,1.2526775431616544
11060820,11230545,동대문구,제기동,90.18520386103812,1.7591922871543335,88.79551820728291,1.8009359109098544,91.59663865546219,484.0,99.0,288.0,19.120751394064257,1.1513017446209204
11020600,11140605,중구,을지로동,90.00275051353033,1.3645307786579686,81.23249299719888,3.3873935617464213,99.71988795518207,630.0,174.0,145.0,65.81552201155884,2.037863203361756
11220670,11650652,서초구,양재2동,89.49393526990397,1.585252648241169,84.593837535014,2.1347717791613765,94.67787114845937,561.0,201.0,147.0,22.53554190639121,1.4102871684445943
11230520,11680521,강남구,논현1동,89.3833979839961,2.8006878146444727,96.35854341736695,1.3394702430876975,82.91316526610645,828.0,207.0,300.0,11.664324789221215,0.8131206354414472
11030740,11170685,용산구,한남동,88.92664107410434,1.8232934788966613,90.19607843137256,1.5840558638692075,87.6750700280112,566.0,198.0,171.0,15.096285914693349,1.031426016625507
11230790,11680610,강남구,대치2동,88.73187373541714,1.6107237358444564,85.43417366946778,1.8507637677075974,92.15686274509804,429.0,147.0,210.0,17.59430239508034,1.3175738472653211
11160730,11500540,강서구,화곡1동,88.34327126690033,1.6693573713288317,85.99439775910365,1.7893497408374919,90.75630252100841,597.0,102.0,226.0,16.37497396808344,1.2752910443306702
11190550,11560550,영등포구,당산1동,86.84331754810107,1.1805746034297777,77.59103641456583,2.4559668377362067,97.19887955182072,549.0,152.0,131.0,32.05921735620349,1.540957705228008
11230640,11680640,강남구,역삼1동,85.66758765268047,5.108814344456116,100.0,0.938277889062553,73.38935574229691,2336.0,627.0,542.0,5.821664379582311,0.5359748806023499
11220600,11650581,서초구,반포4동,84.45041359748247,1.0505657488565285,74.2296918767507,2.3599966744086633,96.07843137254902,428.0,158.0,130.0,26.069854510871128,1.6674883075954254
11160751,11500603,강서구,가양1동,83.84666412938803,3.537216513432426,98.0392156862745,0.8491990249023277,71.70868347338936,1300.0,372.0,279.0,7.635034982370299,0.3917297072017829
11070730,11260655,중랑구,망우본동,82.07808703915819,1.7913858332881243,89.07563025210085,1.0130287402203044,75.63025210084034,479.0,121.0,238.0,9.98343164821769,0.6964281384173123
11170560,11530560,구로구,구로5동,81.92690730516787,1.4534229564811476,82.91316526610645,1.2637799013336404,80.95238095238095,537.0,124.0,167.0,12.384845215791929,0.8456149372483331
11080820,11290555,성북구,삼선동,81.51597401760829,1.0792621257786708,75.07002801120449,1.6284416218146052,88.51540616246498,411.0,108.0,163.0,17.90809169124645,1.0536281071078497
11120710,11380690,은평구,진관동,80.26713162363086,1.5900049000370566,84.87394957983193,1.0366736870778674,75.91036414565826,315.0,134.0,242.0,9.798898519184876,0.8156059071277004
11040660,11200660,성동구,성수1가2동,78.5163605162896,1.09152064855727,75.63025210084034,1.2803741144060832,81.5126050420168,502.0,258.0,79.0,13.422010578601494,0.7916887361060098
11040710,11200535,성동구,왕십리도선동,77.87114845938376,1.1838252931206457,77.87114845938376,1.1535478645954025,77.87114845938376,409.0,92.0,189.0,13.180323952359917,0.7007593572180033
11140690,11440690,마포구,망원1동,77.70976566645095,1.0922663660866938,75.91036414565826,1.2050171612281988,79.55182072829132,432.0,223.0,95.0,13.165775625161912,0.7319855153339068
11180520,11545610,금천구,독산1동,77.45186681760588,1.5831622402413899,84.31372549019608,0.8094495581513241,71.1484593837535,442.0,110.0,217.0,8.875599871694387,0.5601734243394713
11230780,11680565,강남구,청담동,77.35658133018525,2.6430938119095138,95.7983193277311,0.45332078223956584,62.46498599439776,732.0,171.0,288.0,5.806658253328723,0.2875685615832763
11150720,11470650,양천구,신정4동,77.13412984692286,1.2640025157169064,79.55182072829132,1.0054817515289112,74.78991596638656,487.0,107.0,161.0,10.724011625926297,0.6642597470776511
11060810,11230536,동대문구,용신동,77.10360706077785,2.0164079236801764,91.87675070028011,0.547388747566987,64.70588235294117,540.0,141.0,231.0,6.855541481151426,0.3665884271431272
11140600,11440600,마포구,대흥동,76.85388390012122,1.2615126746352066,79.27170868347339,0.9750359178349375,74.50980392156863,299.0,114.0,209.0,11.029008122077052,0.6538564013593641
11230590,11680590,강남구,삼성2동,76.69649888473704,1.6499338304876203,85.71428571428571,0.6464583882583138,68.62745098039215,433.0,164.0,177.0,8.040652081951206,0.4051843286696452
11210690,11620695,관악구,신림동,76.59515203432498,1.1863852974413929,78.15126050420169,1.0059465368663383,75.07002801120449,438.0,100.0,168.0,10.890948513173484,0.6733079862458358
11170550,11530550,구로구,구로4동,76.33862676479922,0.27018552018453645,59.103641456582636,2.855865577029138,98.59943977591037,419.0,57.0,139.0,50.725973427577905,1.7747065142746816
11220630,11650610,서초구,방배2동,75.75671551554866,0.4299065019326688,62.46498599439776,1.8178092056524762,91.87675070028011,322.0,102.0,114.0,22.027791174800164,1.1951157505882777
11170710,11530530,구로구,구로2동,75.27512849115764,1.2132275557032342,78.71148459383754,0.8567786557627673,71.98879551820728,511.0,68.0,197.0,9.699152383753605,0.5757382641361805
11160710,11500640,강서구,방화2동,75.21673444455868,0.2684127165473697,58.543417366946784,2.367836849329212,96.63865546218487,259.0,98.0,124.0,33.40880312010214,1.572317069459111
11090710,11305545,강북구,송중동,74.73061781254371,1.3205771524139582,80.3921568627451,0.6655575856138917,69.46778711484593,431.0,80.0,212.0,8.309559202251863,0.4643796297550716
11230770,11680545,강남구,압구정동,74.26720684064162,3.2832851166645662,97.47899159663865,0.33378003861303523,56.582633053221286,933.0,276.0,313.0,4.882149689831741,0.1684450208876595
11160610,11500591,강서구,화곡6동,73.35780962902271,0.3386402422394347,60.22408963585434,1.7451175949179831,89.35574229691878,430.0,64.0,118.0,21.55265508615642,1.1087249009179745
11240770,11710710,송파구,잠실6동,72.61334115863148,1.2050107884184058,78.43137254901961,0.6059304722902941,67.22689075630252,347.0,149.0,144.0,6.956939432148164,0.5610390959725039
11170540,11530540,구로구,구로3동,72.50520507308002,2.310615370236721,93.8375350140056,0.2774071841493572,56.022408963585434,828.0,184.0,187.0,5.4416045256503605,0.1101262739746724
11110770,11350695,노원구,상계6.7동,72.36980774657599,1.0571230321567282,74.78991596638656,0.6938672656249772,70.02801120448179,261.0,69.0,253.0,8.384983553652859,0.5909622333235772
11180570,11545670,금천구,시흥1동,72.10042680512326,1.7069427381377777,87.95518207282913,0.40933818642019093,59.103641456582636,532.0,98.0,223.0,6.903060222033314,0.2125581880401223
11240640,11710610,송파구,삼전동,71.46316512762789,0.44370775915808225,63.305322128851536,1.2440860093791022,80.67226890756302,321.0,89.0,118.0,14.16437258501442,0.8525956110584336
11140590,11440590,마포구,용강동,71.04472024185212,0.013724920766364947,52.38095238095239,2.3668391693004893,96.35854341736695,355.0,84.0,90.0,34.278952709064235,1.5323037932901793
11070620,11260610,중랑구,중화2동,70.87997158903713,0.02598624820057691,53.221288515406165,2.127623576606287,94.39775910364145,343.0,52.0,123.0,28.180202329735447,1.4308495637656902
11130760,11410615,서대문구,연희동,70.87720408336132,1.9611185705204852,91.03641456582633,0.24320150773489235,55.182072829131656,373.0,220.0,201.0,5.6035330735806,0.1605873103180324
11020540,11140540,중구,회현동,70.76696948366298,2.0640084301111017,92.15686274509804,0.18435168144142422,54.34173669467787,483.0,181.0,211.0,5.236265180374715,0.1074970931168824
11090750,11305660,강북구,인수동,70.19028816705436,0.2699504519233117,58.82352941176471,1.374463352018199,83.75350140056022,182.0,68.0,175.0,16.724916774946937,0.9667475228363908
11160700,11500630,강서구,방화1동,70.09632522242931,1.3977976544562836,82.35294117647058,0.41836339364640995,59.66386554621849,374.0,107.0,200.0,6.992347663585377,0.281688960151567
11100640,11320521,도봉구,도봉1동,69.61277451265781,-0.14151771985095485,48.4593837535014,3.4911345801073286,100.0,331.0,56.0,122.0,81.24593609951496,2.2268283775616893
11020690,11140615,중구,신당동,69.21658747898536,-0.16745317745496838,48.17927170868347,3.2104962308874265,99.43977591036415,288.0,81.0,99.0,65.26598844070796,2.07177776210935
11140680,11440680,마포구,합정동,69.15080839981836,1.3848728623231832,82.07282913165265,0.3818097345583242,58.26330532212886,501.0,201.0,109.0,6.837260406359045,0.1840285610730266
11230630,11680630,강남구,대치4동,69.08155937668776,1.9962632539732375,91.59663865546219,0.10474616047231645,52.10084033613446,685.0,178.0,159.0,4.436049945053646,0.1075858062429789
11250530,11740530,강동구,명일1동,69.00655593423542,0.6828547103681522,66.66666666666666,0.829112045689439,71.42857142857143,285.0,88.0,151.0,10.570977298997684,0.5608227223000377
11090700,11305535,강북구,미아동,68.86655881864833,0.36289823270155397,61.34453781512605,1.0781601607642017,77.31092436974791,311.0,59.0,144.0,13.245663194255595,0.7189304737565164
11060870,11230650,동대문구,장안1동,68.64745606782492,1.6710644717482062,86.27450980392157,0.18659544697720662,54.621848739495796,550.0,109.0,192.0,5.553870151534348,0.0984194857907253
11040550,11200550,성동구,사근동,68.48381470023013,0.7440165364951062,67.78711484593838,0.6556209189815262,69.187675070028,354.0,97.0,128.0,9.12075419085078,0.4254877972320049
11190610,11560610,영등포구,양평1동,68.1818265036253,-0.05693189071499786,51.540616246498594,1.7588050416586845,90.19607843137256,271.0,94.0,87.0,23.085024086848613,1.1319281093179554
11250630,11740620,강동구,천호3동,68.03897928006229,0.19179451218164484,56.022408963585434,1.315777205535789,82.6330532212885,357.0,60.0,115.0,15.033373026995656,0.9196687207321016
11090650,11305635,강북구,수유3동,67.91143079063816,1.6823268689855067,87.11484593837535,0.1159058548568978,52.94117647058824,707.0,116.0,158.0,5.246231961448228,0.0150084539844442
11070720,11260575,중랑구,면목3.8동,67.47852067188144,0.8054429488910078,69.46778711484593,0.5524248032381738,65.54621848739495,370.0,78.0,150.0,8.717411933328558,0.3244053251065386
11030710,11170555,용산구,청파동,67.37611822239958,0.929954056233066,71.70868347338936,0.47078247122990274,63.305322128851536,373.0,115.0,128.0,7.885619632176474,0.2769562709372182
11090740,11305645,강북구,우이동,67.34932828073914,0.24627129033004236,57.422969187675065,1.1798459346426278,78.99159663865547,256.0,71.0,132.0,14.727559270740509,0.7798845923393145
11140710,11440710,마포구,연남동,67.34932828073914,1.253428066994171,78.99159663865547,0.36356558082563617,57.422969187675065,645.0,406.0,52.0,6.646721318322586,0.1295469088810616
11120730,11380600,은평구,응암3동,66.9180581361977,0.8012432619073072,68.90756302521008,0.5496964646760851,64.9859943977591,409.0,80.0,138.0,8.639465921823872,0.3155020431600435
11230760,11680700,강남구,세곡동,66.88639260571857,0.4062113851574527,61.904761904761905,0.8886032362230976,72.26890756302521,173.0,68.0,191.0,10.515381184313211,0.7515307366023434
11050620,11215870,광진구,구의3동,66.80657587966651,0.7032944205355306,66.94677871148458,0.5976288714062586,66.66666666666666,282.0,106.0,133.0,8.378104928214512,0.456466846942499
11040670,11200670,성동구,성수2가1동,66.64665566016252,0.9293530284498124,71.42857142857143,0.44932205257680957,62.18487394957983,385.0,142.0,109.0,7.674828452720023,0.2587713259235037
11160550,11500590,강서구,화곡본동,66.26766647673388,-0.09748242626637971,49.299719887955185,1.7151275946205702,89.07563025210085,263.0,41.0,145.0,21.85685791989716,1.175581354861596
11090600,11305595,강북구,번1동,65.91864318060722,0.2795694418091716,59.66386554621849,0.9188919214136274,72.82913165266106,313.0,56.0,136.0,12.557476758995346,0.5582151715527055
11180540,11545630,금천구,독산3동,65.48993249941567,-0.07588646240679368,50.700280112044815,1.4342172350505655,84.593837535014,324.0,45.0,119.0,18.97165454282288,0.8950264478085279
11020570,11140570,중구,필동,64.75860924223431,1.0121267155357472,73.38935574229691,0.3531420273802694,57.14285714285714,398.0,127.0,123.0,7.763447079927499,0.1061163563586933
11190720,11560720,영등포구,대림3동,64.74770375349738,0.10407589297244063,54.621848739495796,1.052269787253465,76.75070028011206,315.0,50.0,126.0,12.993103729860056,0.731208923684656
11050670,11215847,광진구,자양4동,64.4105450283861,0.6339399806296248,65.82633053221288,0.4646268150869932,63.02521008403361,400.0,95.0,106.0,7.255050510827996,0.3753702259670177
11250660,11740650,강동구,성내2동,64.28434117279085,0.5218742696798553,64.70588235294117,0.5014214764402614,63.86554621848739,324.0,92.0,113.0,8.126858481513194,0.3556795003333117
11090630,11305615,강북구,수유1동,64.26969280956712,-0.2745830607844747,45.938375350140056,1.750536566418677,89.91596638655463,213.0,37.0,153.0,25.113610572662136,1.1269429068789247
11130700,11410700,서대문구,남가좌2동,64.00544900655274,0.47503883153938375,63.86554621848739,0.5155515306109452,64.14565826330532,277.0,96.0,117.0,8.696006809126995,0.331535346549435
11070520,11260520,중랑구,면목2동,63.6785310403712,-0.29178366206423895,44.81792717086835,1.7619103698731615,90.47619047619048,261.0,48.0,112.0,23.849486959552987,1.1600467028275336
11010720,11110515,종로구,청운효자동,62.95233882463208,0.2568101897756851,57.98319327731093,0.6404515942801852,68.34733893557423,203.0,140.0,93.0,9.679965580110766,0.4422719506187875
11010630,11110630,종로구,종로5.6가동,62.78010228073307,1.6910222749646544,87.39495798319328,-0.12138909315896493,45.09803921568628,405.0,124.0,212.0,4.932356713198858,-0.1936742050473232
11230710,11680690,강남구,개포4동,62.19244408460691,-0.311237921100477,44.25770308123249,1.5689103425264523,87.39495798319328,170.0,66.0,115.0,21.733986021488448,1.0282469201993625
11130680,11410685,서대문구,홍은2동,61.652018368742254,0.07251213874675318,54.061624649859944,0.7004982204515317,70.30812324929971,174.0,55.0,161.0,10.679010521616016,0.5101462725267074
11210800,11620595,관악구,청룡동,61.63228880588906,1.0543328295752679,74.50980392156863,0.07748321264146914,50.98039215686274,403.0,94.0,147.0,5.1295074609047635,0.1203110600982009
11220610,11650590,서초구,방배본동,61.56860196307295,-0.06274457487099358,51.26050420168067,0.9505436718308863,73.94957983193278,215.0,78.0,103.0,13.061397615762932,0.6255084897129761
11170720,11530740,구로구,개봉1동,61.4652892366714,0.440866118376458,63.02521008403361,0.42803624606698826,59.943977591036415,239.0,62.0,163.0,7.879800182213065,0.3484232098022516
11170620,11530730,구로구,고척2동,60.90102260400758,-0.36787542313154337,40.61624649859944,1.7983333731704518,91.31652661064426,201.0,46.0,128.0,26.489603210858856,1.143052261827523
11040680,11200690,성동구,성수2가3동,60.804318436818534,1.680650171009939,86.83473389355743,-0.2001612616708181,42.57703081232493,568.0,253.0,104.0,3.512193554225296,-0.0819078032299812
11100630,11320515,도봉구,창5동,60.66544030723616,-0.09524508268340098,49.57983193277311,0.9736838345760357,74.2296918767507,230.0,56.0,119.0,13.059903778152416,0.6683316663768883
11210580,11620585,관악구,낙성대동,60.5456855399722,1.3819053921444306,81.79271708683473,-0.13247161494410856,44.81792717086835,536.0,107.0,148.0,4.48981440513804,-0.12626888419889
11100620,11320514,도봉구,창4동,60.402965414139565,-0.3451224870160279,42.016806722689076,1.537935654044979,86.83473389355743,185.0,47.0,130.0,18.93680165493308,1.137317333888569
11240610,11710580,송파구,송파1동,60.3737310982798,1.305756077401701,79.83193277310924,-0.11201278820504373,45.65826330532213,434.0,210.0,102.0,4.549302217243079,-0.1080741787464889
11050610,11215860,광진구,구의2동,60.22213533406518,0.032365341891410174,53.50140056022409,0.6112728798586635,67.78711484593838,229.0,69.0,112.0,9.95723809026768,0.4115418969767518
11050600,11215850,광진구,구의1동,60.116508693160355,0.12920992966835312,54.90196078431373,0.5737399794068151,65.82633053221288,399.0,81.0,77.0,9.054916044907776,0.3646037493857155
11140660,11440660,마포구,서교동,60.027690963539,4.999479569823918,99.71988795518207,-0.45763780326560477,36.134453781512605,2255.0,833.0,358.0,1.733586963061454,-0.4233426156202221
11170730,11530780,구로구,오류2동,59.87849508520958,0.23704079731882244,57.14285714285714,0.45431729249296465,62.745098039215684,183.0,41.0,209.0,7.529564323220812,0.5021573087975505
11190730,11560515,영등포구,영등포본동,59.71775948614204,-0.337967437207666,42.296918767507,1.4116865650547696,84.31372549019608,240.0,60.0,94.0,17.976568666279046,0.9676505009436064
11020550,11140550,중구,명동,59.07509233889723,4.350669446130967,98.8795518207283,-0.4718955351380482,35.294117647058826,1100.0,373.0,542.0,2.3630639438474095,-0.4810136552631024
11200730,11590630,동작구,사당2동,58.82953150651139,0.9865646831549073,73.10924369747899,-0.061546442674309594,47.33893557422969,366.0,68.0,179.0,4.816194570309964,0.0165384247744661
11170610,11530720,구로구,고척1동,58.430056571573886,0.42050432961299594,62.18487394957983,0.21961185651798049,54.90196078431373,270.0,69.0,135.0,6.5446832642289,0.214892114754597
11230660,11680655,강남구,도곡1동,58.34270607764568,0.356327348128744,61.06442577030813,0.26603875915975655,55.74229691876751,206.0,76.0,142.0,6.439931969252207,0.3317098996369907
11230580,11680580,강남구,삼성1동,58.177053157410285,2.3298748250661694,94.39775910364145,-0.4589438276184031,35.85434173669468,649.0,189.0,199.0,2.682452662883426,-0.2829054516276897
11060830,11230560,동대문구,전농1동,57.823973874040824,1.3153534043179915,80.11204481792717,-0.2538513840677267,41.73669467787115,433.0,112.0,152.0,3.826187931453737,-0.1240938576137272
11070710,11260565,중랑구,면목본동,57.520583834597225,0.8886960086436126,70.30812324929971,-0.06416058932779056,47.05882352941176,378.0,64.0,168.0,5.102095287586259,-0.0325340447300672
11210520,11620525,관악구,보라매동,57.434582415203174,-0.38686554208770985,40.056022408963585,1.297836591410664,82.35294117647058,247.0,65.0,83.0,16.917616735351,0.8672090325430536
11130730,11410565,서대문구,충현동,57.34092656567759,1.3346506198981605,80.95238095238095,-0.2605668983427294,40.61624649859944,342.0,108.0,184.0,4.047054689631674,-0.1519055975464766
11140780,11440555,마포구,아현동,57.2471174960984,0.4708468992019171,63.58543417366946,0.0876064815821895,51.540616246498594,223.0,78.0,145.0,6.066078926152989,0.1156413646498479
11160590,11500570,강서구,화곡4동,57.197068808667936,-0.32204650887434866,43.417366946778714,1.0086015389461205,75.35014005602241,269.0,46.0,101.0,14.098543573337404,0.6481939290276749
11220510,11650510,서초구,서초1동,57.13187130075949,1.8116689148975111,89.6358543417367,-0.4543404403945091,36.41456582633053,388.0,163.0,194.0,3.387307260278122,-0.3490792045168567
11100650,11320522,도봉구,도봉2동,57.13187130075949,-0.4880589684597579,36.41456582633053,1.7499299214653645,89.6358543417367,152.0,51.0,127.0,24.559530815805967,1.1967808842956908
11040650,11200650,성동구,성수1가1동,56.92549420980833,-0.11068283005851366,49.01960784313725,0.582353290676308,66.1064425770308,208.0,98.0,83.0,9.512915477248434,0.4243399317359864
11120510,11380510,은평구,녹번동,56.39024897414325,0.6646513624706052,66.38655462184873,-0.03720853851521084,47.89915966386555,250.0,86.0,148.0,5.316088537750102,0.026661688660448
11250720,11740570,강동구,암사1동,56.3060048812732,-0.08433876743682035,49.85994397759104,0.4977270169582983,63.58543417366946,279.0,66.0,90.0,8.300648432639905,0.4185759670140604
11140720,11440720,마포구,성산1동,56.19511195133685,-0.22777475781930542,46.778711484593835,0.6063403941163635,67.50700280112045,179.0,92.0,86.0,9.91784033303328,0.4494315616146054
11050650,11215830,광진구,자양2동,55.76059269303897,-0.33244955285474204,42.857142857142854,0.9024323223859934,72.54901960784314,184.0,70.0,95.0,12.109420953983827,0.6839923430341589
11110660,11350640,노원구,상계2동,55.63310110306602,1.9851817735378616,91.31652661064426,-0.5554930946284814,33.89355742296919,652.0,135.0,182.0,2.885649990201863,-0.4316716598876259
11090720,11305555,강북구,송천동,55.254541559948734,0.6033284477386957,65.26610644257703,-0.07108099745734893,46.778711484593835,320.0,53.0,164.0,5.350124267364223,-0.030183113882507
11210570,11620575,관악구,행운동,55.156472897060006,0.22177204627104727,56.86274509803921,0.14533557893709803,53.50140056022409,281.0,68.0,111.0,6.519647613709234,0.1269841506799608
11210680,11620685,관악구,신사동,54.878374857131135,-0.4845318403612274,36.69467787114846,1.2954570697109327,82.07282913165265,226.0,67.0,79.0,17.24702795534546,0.8625042769360264
11150660,11470640,양천구,신정3동,54.66994937333533,0.30127609830423513,59.943977591036415,0.027352893859729475,49.85994397759104,128.0,62.0,203.0,5.8437459171226305,0.1640567408361766
11110510,11350560,노원구,월계1동,54.638365670528216,0.5742925768007865,64.9859943977591,-0.09453501172504351,45.938375350140056,275.0,62.0,159.0,5.528744954783757,-0.0789786551254505
11150710,11470550,양천구,목5동,54.46000586897362,-0.07600073013819401,50.42016806722689,0.4006686254986103,58.82352941176471,153.0,57.0,143.0,7.504720153451178,0.4647164005075582
11190760,11560605,영등포구,문래동,54.25503493755625,2.1608023591624024,92.99719887955182,-0.6244083903211815,31.652661064425768,622.0,172.0,185.0,2.5835200144475507,-0.4608304464022911
11200700,11590680,동작구,신대방2동,54.14791157508239,0.3392246220870525,60.50420168067227,-0.022148554440346684,48.4593837535014,270.0,83.0,109.0,5.784751322989905,-0.0105002451062022
11210830,11620765,관악구,미성동,53.9737460818354,-0.20521376077252182,47.05882352941176,0.44810593092000467,61.904761904761905,180.0,51.0,126.0,9.049765631122554,0.3436850383199945
11220650,11650621,서초구,방배4동,53.9075612058281,0.9559603287461592,72.54901960784314,-0.267728442524404,40.056022408963585,253.0,112.0,156.0,4.394574312672521,-0.1644441698858789
11160630,11500593,강서구,화곡8동,53.36410147491109,-0.4140284921304443,38.655462184873954,0.9389461029158687,73.66946778711485,237.0,48.0,95.0,10.042331761949916,0.9164252713582348
11150530,11470530,양천구,목3동,53.27728146988792,-0.47861272561281193,37.254901960784316,1.0471466811318637,76.19047619047619,185.0,58.0,96.0,14.379182672911108,0.7334238413175868
11160540,11500535,강서구,등촌3동,53.165974498886015,1.1316146507540454,77.03081232492998,-0.4455868719944339,36.69467787114846,308.0,88.0,184.0,3.595497343008898,-0.2678554553625709
11120720,11380530,은평구,불광2동,52.780126446224656,-0.625076553195399,31.372549019607842,1.6654716301523835,88.79551820728291,219.0,35.0,113.0,23.27869609240364,1.1171142344193845
11190620,11560620,영등포구,양평2동,52.56039606178877,0.9309111804377617,71.98879551820728,-0.3600260408265098,38.37535014005603,293.0,121.0,131.0,4.040975538217856,-0.2405049877801172
11050570,11215760,광진구,중곡3동,52.28799853108496,-0.5814562827572004,32.212885154061624,1.4667931619098165,84.87394957983193,200.0,50.0,97.0,21.016735938795236,0.9358134600640076
11020700,11140625,중구,다산동,52.1640530957301,-0.8151531562291084,28.57142857142857,2.2184756463612003,95.23809523809523,169.0,59.0,86.0,36.773338021221065,1.4348896308592325
11220620,11650600,서초구,방배1동,51.992296800867294,0.1618059212304613,55.46218487394958,-0.011957098358520159,48.739495798319325,228.0,85.0,102.0,5.8063443861004,0.0367593893852417
11190540,11560540,영등포구,여의동,51.90620552744284,4.572598779819242,99.15966386554622,-0.7376978340642584,27.170868347338935,1719.0,495.0,399.0,1.4996358052354852,-0.6206759543695405
11150640,11470620,양천구,신정1동,51.84948857446168,-0.40154275719353383,39.49579831932773,0.6229187474891101,68.0672268907563,205.0,56.0,94.0,10.60430950431445,0.4274847915644643
11220570,11650560,서초구,반포1동,51.5862664720753,0.787202761652757,68.34733893557423,-0.33978364693458646,38.93557422969188,264.0,99.0,140.0,3.893836134924971,-0.1435109795594195
11130640,11410640,서대문구,홍제3동,51.239836031684526,-0.1921700788183868,47.33893557422969,0.26462738486673826,55.46218487394958,232.0,38.0,129.0,8.130647490670464,0.170905465478979
11170670,11530770,구로구,오류1동,50.31267720337906,-0.5873862225480716,31.932773109243694,1.187934225026542,79.27170868347339,186.0,35.0,122.0,15.804142757706376,0.8673350474724552
11070600,11260590,중랑구,상봉2동,49.88826187314999,0.9664446495592435,72.82913165266106,-0.5393532562059457,34.173669467787114,543.0,71.0,127.0,3.3416891314835175,-0.3863053471039007
11090690,11305534,강북구,삼양동,49.71495616050098,-0.7162260260877256,29.411764705882355,1.3827093009575464,84.03361344537815,125.0,28.0,165.0,19.39868041324139,1.0019447249241988
11050550,11215740,광진구,중곡1동,49.286985877698086,-0.37955296057583493,40.33613445378151,0.43215853659489,60.22408963585434,269.0,62.0,74.0,9.059257644005145,0.2738548661740517
11030520,11170520,용산구,용산2가동,48.961149616674255,-0.33628387542934457,42.57703081232493,0.3285597943668381,56.30252100840336,219.0,101.0,63.0,8.496303985414599,0.1905852359587147
11070640,11260620,중랑구,묵1동,48.75881004349919,0.21834533771392695,56.582633053221286,-0.2171391993757136,42.016806722689076,204.0,58.0,144.0,5.066299931840057,-0.0974760704520171
11140770,11440565,마포구,공덕동,48.51440344154978,1.46759713332656,83.19327731092437,-0.7145696280349523,28.291316526610643,413.0,111.0,172.0,2.7965674655508304,-0.5155404794598584
11060800,11230705,동대문구,청량리동,48.16624147945026,0.4372870672227989,62.745098039215684,-0.4178856512088751,36.97478991596639,274.0,51.0,154.0,4.140118076033976,-0.2493079307239487
11210720,11620725,관악구,조원동,47.90816826845561,0.24850653318881158,57.70308123249299,-0.27242063067736694,39.77591036414566,312.0,73.0,96.0,4.064922834377379,-0.0460961616438811
11110580,11350611,노원구,하계1동,47.69971746661639,-0.2884882279737344,45.378151260504204,0.042060203982740005,50.14005602240896,148.0,47.0,133.0,6.635489550274561,0.1108145624244124
11140750,11440585,마포구,도화동,47.571239800969074,0.9140865704312545,70.86834733893558,-0.6190145529092994,31.932773109243694,363.0,80.0,144.0,3.452024432468211,-0.4747112719512359
11040540,11200540,성동구,마장동,47.50687067261368,-0.8521676742949063,26.330532212885156,1.5056953929455952,85.71428571428571,174.0,32.0,111.0,21.10625820580838,1.0493703257401128
11230750,11680750,강남구,수서동,47.4622562905645,-0.9077738913589195,24.369747899159663,1.8632385480186262,92.43697478991596,164.0,47.0,89.0,26.079285989676567,1.323700357508094
11240680,11710641,송파구,문정1동,47.407670583843206,-0.8604497628736453,26.05042016806723,1.5301366045711888,86.27450980392157,185.0,61.0,70.0,20.523652653234972,1.0748548030143403
11160580,11500560,강서구,화곡3동,46.90183230465232,-0.27653844309410824,45.65826330532213,-0.03134421700540435,48.17927170868347,245.0,56.0,87.0,6.272533989257915,-0.0139413508254904
11250610,11740600,강동구,천호1동,46.88510017458303,-0.4491003380363036,38.095238095238095,0.3704163345628615,57.70308123249299,219.0,48.0,92.0,7.884329718361914,0.3686486451191443
11070690,11260680,중랑구,신내1동,46.834867918267484,0.7403290360153856,67.50700280112045,-0.6137660521042876,32.49299719887955,258.0,74.0,160.0,3.2416276786504685,-0.3506528431163302
11190710,11560710,영등포구,대림2동,46.42429350229625,-0.5083951270721432,35.294117647058826,0.43852780648617606,61.06442577030813,347.0,32.0,86.0,8.896682734292536,0.3107053799049174
11200630,11590620,동작구,사당1동,46.326162665384935,1.015380598387626,73.66946778711485,-0.6782564139532133,29.13165266106443,447.0,91.0,126.0,3.1226027862230032,-0.5158836027794517
11020670,11140670,중구,황학동,46.26514918109261,-0.5185165192288612,34.73389355742297,0.4444310699878692,61.62464985994398,278.0,48.0,76.0,9.621477747199698,0.2516536349203757
11240630,11710600,송파구,석촌동,46.125022208516725,1.7978893721736993,89.35574229691878,-0.8474104257287587,23.809523809523807,560.0,143.0,159.0,2.4196644755495824,-0.6686378508370167
11060880,11230660,동대문구,장안2동,46.08843428841038,1.3230731403519318,80.67226890756302,-0.7493814744110114,26.330532212885156,447.0,87.0,168.0,2.6974059409950844,-0.5212015077755062
11030660,11170660,용산구,이태원2동,45.97337602215102,-0.5240286501952033,34.45378151260504,0.4398752122210032,61.34453781512605,234.0,81.0,60.0,9.643615567641866,0.2405197955462374
11240820,11710647,송파구,위례동,45.63591761276606,-0.5058756954151038,35.57422969187675,0.3828519537080578,58.543417366946784,175.0,63.0,84.0,7.319807584729738,0.4792646876080347
11020520,11140520,중구,소공동,45.389388932554226,2.585872615262368,95.51820728291317,-0.9831962096973766,21.568627450980394,574.0,223.0,231.0,2.0268000199872285,-0.8197749878221253
11150570,11470560,양천구,신월1동,45.21185422377631,-1.0748169012777975,21.84873949579832,2.030393033161887,93.55742296918767,262.0,35.0,71.0,31.858076388244616,1.3143397203075244
11130520,11410520,서대문구,천연동,45.20144034497324,-0.5333501688966952,33.61344537815126,0.43809671244769305,60.78431372549019,166.0,35.0,127.0,9.971288505688578,0.2906187972173172
11110650,11350630,노원구,상계1동,44.7145165521256,1.1279262585455732,76.75070028011206,-0.7605006341517524,26.05042016806723,304.0,80.0,190.0,2.778763596387934,-0.4893467413191176
11120550,11380551,은평구,갈현1동,44.67765162437398,0.7128196708606365,67.22689075630252,-0.6741559547008604,29.69187675070028,343.0,72.0,133.0,3.3606793209965873,-0.4993618199410454
11080850,11290810,성북구,석관동,44.64075625308714,0.8151562923038166,69.74789915966386,-0.7082140902569614,28.57142857142857,367.0,61.0,154.0,3.038666075237671,-0.4727587212305429
11040700,11200790,성동구,용답동,44.494632272638164,-0.9456949175278998,23.249299719887954,1.477042361443472,85.15406162464986,201.0,39.0,82.0,20.6136475489536,1.013824281028773
11230670,11680656,강남구,도곡2동,44.351565184755955,0.5104534746398186,64.42577030812325,-0.6612200869074176,30.532212885154063,247.0,90.0,118.0,3.2826116447303435,-0.4116570800737167
11110780,11350625,노원구,중계2.3동,44.33121576171422,-0.5255141290556241,33.89355742296919,0.37839097165838503,57.98319327731093,122.0,39.0,142.0,8.329024088259755,0.4188214649528156
11240520,11710520,송파구,풍납2동,44.33121576171422,-0.8312389007218564,27.73109243697479,0.8022856724454805,70.86834733893558,100.0,41.0,125.0,11.911593749044304,0.7084235471833901
11240580,11710562,송파구,방이2동,44.32325040080872,1.8191436834098034,89.91596638655463,-0.9728965108785138,21.84873949579832,711.0,108.0,164.0,1.9090762667059524,-0.686841632321501
11150650,11470630,양천구,신정2동,44.298460118592516,-0.9712577921185137,22.969187675070028,1.4965772804378996,85.43417366946778,158.0,60.0,71.0,21.84894735231073,0.9929866814092112
11020680,11140680,중구,중림동,43.9784831039428,-0.9129765793857518,23.809523809523807,1.2733554244924994,81.23249299719888,173.0,51.0,77.0,20.131855659822573,0.7556668382385936
11050560,11215750,광진구,중곡2동,43.5806093546919,-0.0754959453153167,50.98039215686274,-0.3959031258381564,37.254901960784316,238.0,54.0,104.0,4.697799940387257,-0.2709608932811616
11190700,11560700,영등포구,대림1동,43.55539638795635,-1.079648658491447,21.568627450980394,1.607436159674435,87.95518207282913,189.0,36.0,81.0,23.17954817137134,1.0976514643028628
11180530,11545620,금천구,독산2동,42.494021986686306,-1.1807959785500697,20.72829131652661,1.5600770033338238,87.11484593837535,183.0,38.0,73.0,24.030197712869,1.0034990496270444
11250540,11740540,강동구,명일2동,42.015873005498264,-0.34772580690451166,41.73669467787115,-0.20325397318474425,42.296918767507,149.0,58.0,107.0,5.638586114664222,-0.086494754454916
11150700,11470680,양천구,신정7동,41.89337612513147,-0.8388392063453802,26.89075630252101,0.5522812933049825,65.26610644257703,119.0,42.0,107.0,10.2920749261822,0.480874349192432
11060890,11230740,동대문구,이문1동,41.87839011995688,0.920607032072957,71.1484593837535,-0.8064407850172599,24.649859943977592,297.0,91.0,147.0,2.684350114117525,-0.5112217224109956
11240710,11710650,송파구,잠실본동,41.83996398152807,2.227396025855137,93.27731092436974,-1.2577858601398106,18.76750700280112,792.0,127.0,192.0,1.447967729586915,-0.95594487173094
11220550,11650540,서초구,잠원동,41.7827279836871,0.8783388953810597,70.02801120448179,-0.7890897737282194,24.92997198879552,340.0,86.0,135.0,2.64039600168464,-0.4847582137741877
11230730,11680730,강남구,일원1동,41.683081765239834,-1.4070840865293441,17.92717086834734,2.4370114021216143,96.9187675070028,145.0,40.0,74.0,45.26306731515392,1.6102366846340497
11240810,11710646,송파구,장지동,41.296344118674334,0.021261002005981286,52.94117647058824,-0.6146998060994833,32.212885154061624,144.0,63.0,136.0,3.5969399405614313,-0.2936665101768337
11190630,11560630,영등포구,신길1동,40.75413664867946,-0.8317352084379459,27.450980392156865,0.43434975225848793,60.50420168067227,179.0,40.0,85.0,9.424033392519847,0.3515800052005515
11240560,11710550,송파구,마천2동,40.74258338504584,-0.9108390204551939,24.089635854341736,0.6524342149072222,68.90756302521008,202.0,29.0,93.0,11.852577572899603,0.4349734408907484
11160690,11500620,강서구,공항동,40.4933909349807,0.9339719253354961,72.26890756302521,-0.8966565039747172,22.689075630252102,285.0,72.0,176.0,2.530933311591154,-0.5758700676156707
11170640,11530750,구로구,개봉2동,40.11670004127735,-0.48868001745945844,36.134453781512605,-0.16162906065604535,44.537815126050425,140.0,45.0,116.0,5.750390112921727,-0.0135700889895137
11050640,11215820,광진구,자양1동,39.99230991053165,0.26531194820243964,58.26330532212886,-0.727509161346649,27.450980392156865,284.0,66.0,106.0,3.278950269143711,-0.4855717137171665
11160670,11500611,강서구,발산1동,39.9491237781671,2.438481711299882,94.9579831932773,-1.4470804702030766,16.80672268907563,461.0,190.0,246.0,1.3486601489198622,-1.1445000128520777
11250750,11740515,강동구,강일동,39.771964928400784,0.07166292077807901,53.78151260504202,-0.6747592279154755,29.411764705882355,118.0,49.0,187.0,3.215846561896824,-0.2495768912411224
11150520,11470520,양천구,목2동,39.60590171906697,-0.3516393880761716,41.17647058823529,-0.36766585829610793,38.095238095238095,168.0,58.0,97.0,4.864270617648857,-0.1968201550001714
11100550,11320690,도봉구,방학1동,39.271668724530834,1.123858178513427,76.47058823529412,-1.1401504381678094,20.168067226890756,423.0,80.0,148.0,2.012029836106692,-0.817077335045265
11230800,11680670,강남구,개포2동,39.151608312954956,-0.47914219950623427,36.97478991596639,-0.25676739029612344,41.45658263305322,129.0,38.0,135.0,4.991995699607694,0.0013819061704034
11200710,11590605,동작구,흑석동,39.08541788808208,1.4016166734358504,82.6330532212885,-1.2618163903818151,18.487394957983195,337.0,93.0,195.0,1.7765911625947153,-0.9009722534675688
11230650,11680650,강남구,역삼2동,38.136408795781534,2.110257781442342,92.71708683473389,-1.4811312168868664,15.686274509803921,458.0,173.0,195.0,1.1968512609829969,-1.084742731258301
11180550,11545640,금천구,독산4동,37.9921161527977,-1.4115486093787442,17.647058823529413,1.2913423278901741,81.79271708683473,204.0,29.0,64.0,19.859507740548803,0.8446585215830261
11050530,11215710,광진구,화양동,37.95492366600408,2.5620579738455906,95.23809523809523,-1.4957939711442028,15.126050420168067,894.0,212.0,167.0,1.0909466571162634,-1.1879037127906782
11100520,11320670,도봉구,쌍문2동,37.882500411886106,-0.5484010885273405,33.0532212885154,-0.18299136571975724,43.417366946778714,204.0,45.0,87.0,5.827580600956008,-0.0997477683660428
11190560,11560560,영등포구,당산2동,37.82135025028956,1.6749240585863787,86.5546218487395,-1.4578493021920762,16.5266106442577,359.0,125.0,192.0,1.3295113165568488,-1.0305769210880673
11220680,11650660,서초구,내곡동,37.47748423693741,-0.549553604860074,32.773109243697476,-0.1946081245992723,42.857142857142854,81.0,42.0,161.0,5.788648505211081,0.0132512813264628
11190650,11560650,영등포구,신길3동,37.24436994407517,-1.2149574190633918,19.88795518207283,0.6757654261499434,69.74789915966386,133.0,25.0,102.0,12.845840550836709,0.4739944201715703
11130660,11410660,서대문구,홍은1동,37.20326659021623,-1.275812426069975,19.607843137254903,0.757871421134207,70.58823529411765,126.0,32.0,86.0,13.129536100284636,0.567870975778217
11200550,11590550,동작구,상도3동,36.30667057931574,-0.4030745902575431,39.21568627450981,-0.5788973821096597,33.61344537815126,147.0,47.0,113.0,4.316295275072199,-0.3542881387625483
11210630,11620630,관악구,남현동,36.30559000756356,-0.6914762041216302,29.971988795518207,-0.166558128129595,43.977591036414566,219.0,48.0,70.0,5.443645558150856,-0.0127982831685842
11130750,11410585,서대문구,신촌동,36.0289864219911,3.99232352565969,98.59943977591037,-1.613718738881257,13.165266106442578,1132.0,338.0,368.0,0.7721283293805857,-1.351315360036564
11170510,11530510,구로구,신도림동,35.88168600153828,1.0817680709240283,75.35014005602241,-1.4323293288152836,17.086834733893557,267.0,92.0,168.0,1.502161133765851,-0.9676636930185324
11160740,11500615,강서구,우장산동,35.84996471882612,0.603984786357868,65.54621848739495,-1.1668695634709882,19.607843137254903,203.0,72.0,158.0,2.058916567239367,-0.725354487910063
11210810,11620775,관악구,난곡동,35.84668160469141,-1.7646955779386377,14.84593837535014,1.5361837405230634,86.5546218487395,91.0,22.0,95.0,24.344814764134128,1.1239063504188451
11100560,11320700,도봉구,방학2동,35.533402540951215,-1.652651573199726,15.126050420168067,1.36148544824315,83.4733893557423,138.0,31.0,64.0,22.058376135068393,0.901978944637216
11060860,11230610,동대문구,답십리2동,35.325227496771866,-0.39212663386667124,39.77591036414566,-0.6475186352028024,31.372549019607842,186.0,40.0,108.0,3.849366206855099,-0.3735956143833226
11150540,11470540,양천구,목4동,35.32078491013583,-0.2933572887954846,44.537815126050425,-0.718582676891331,28.011204481792717,228.0,55.0,84.0,3.669959214539044,-0.4826440149449887
11140730,11440730,마포구,성산2동,34.800469312350685,0.7881624252237625,68.62745098039215,-1.4081510032851245,17.647058823529413,229.0,79.0,158.0,1.583663932458515,-0.915704765867848
11170700,11530595,구로구,가리봉동,34.56405572282536,-1.9212854643602972,12.885154061624648,1.911237801763175,92.71708683473389,184.0,14.0,74.0,33.186001914125754,1.2664605738428971
11140610,11440610,마포구,염리동,34.05867597438804,-0.9423335554404463,23.52941176470588,0.01677536258710381,49.299719887955185,182.0,67.0,52.0,6.793255002404317,0.0662021229968102
11050540,11215730,광진구,군자동,33.55737620587549,1.1574814712091572,77.31092436974791,-1.5017663945157023,14.565826330532214,377.0,102.0,135.0,1.4961478505607586,-1.1193103728352147
11240570,11710561,송파구,방이1동,33.37097420447862,-0.18228317860784302,47.89915966386555,-0.8652827842187149,23.249299719887954,241.0,73.0,73.0,3.0310370317671333,-0.5581023492447462
11150630,11470611,양천구,신월7동,33.094737256328095,-1.906801064137172,13.165266106442578,1.3440058961889856,83.19327731092437,124.0,19.0,74.0,21.019434926934608,0.9873356658495924
11060730,11230730,동대문구,휘경2동,33.02947444926314,-0.905763394274844,24.649859943977592,-0.1627587672763754,44.25770308123249,120.0,49.0,84.0,6.23281131589413,-0.0385079263361628
11030510,11170510,용산구,후암동,32.97717121066989,-0.26018781846479067,46.21848739495798,-0.8558842367391025,23.52941176470588,168.0,82.0,80.0,3.5236147766539663,-0.62347142203993
11150590,11470580,양천구,신월3동,32.61832297593196,-2.057678725077525,11.204481792717088,2.1801104687756707,94.9579831932773,84.0,29.0,70.0,41.08896259560758,1.495745352707225
11100600,11320512,도봉구,창2동,32.46400715843231,-0.8708935454237973,25.770308123249297,-0.25985289864750283,40.896358543417364,142.0,35.0,95.0,5.200845117679575,-0.0147131399055601
11080600,11290600,성북구,안암동,32.27007467543903,1.743850265255751,88.51540616246498,-1.761827848761867,11.76470588235294,377.0,156.0,167.0,1.086631429508051,-1.3606036794164775
11170690,11530790,구로구,수궁동,32.162913376823134,-0.48902806968611345,35.85434173669468,-0.7049833357914983,28.851540616246496,108.0,34.0,154.0,3.9928185197792287,-0.39972046262077
11150610,11470600,양천구,신월5동,31.886053591745377,-2.1793553139791517,10.644257703081232,2.2349363790654593,95.51820728291317,121.0,26.0,54.0,43.22294463277916,1.4872367439729413
11140700,11440700,마포구,망원2동,31.45497375603315,0.09641324578354679,54.34173669467787,-1.28354388025464,18.207282913165265,214.0,92.0,83.0,2.1959717310395384,-0.911898842638634
11020710,11140635,중구,약수동,31.36754661998749,-1.0993638648644064,21.288515406162464,-0.09316888140086083,46.21848739495798,111.0,39.0,87.0,6.925503433478184,-0.0029996451062877
11100610,11320513,도봉구,창3동,31.2020175140489,-1.3578639457954447,18.487394957983195,0.11425776385660308,52.66106442577031,144.0,34.0,66.0,8.58624937313448,0.0754138003568057
11200520,11590520,동작구,노량진2동,31.091175183219292,-1.007355303557462,22.408963585434176,-0.18320202440720773,43.13725490196079,211.0,31.0,72.0,5.921422297750641,-0.0612757204598256
11020580,11140580,중구,장충동,30.955866313267,-1.2932521356841309,19.327731092436977,0.02324255534004653,49.57983193277311,127.0,44.0,63.0,7.380990294255112,0.0932131355953857
11030570,11170570,용산구,원효로2동,30.812324929971993,-1.9596565360630804,12.324929971988796,1.0653806962027033,77.03081232492998,80.0,29.0,69.0,17.907243966953803,0.8040235382219677
11070540,11260540,중랑구,면목4동,30.753700277172786,-2.0025235891096327,11.76470588235294,1.2220798655983631,80.3921568627451,91.0,30.0,61.0,19.75072894774091,0.907833973673496
11120570,11380560,은평구,구산동,30.684737115135356,-0.5091636061052827,35.01400560224089,-0.7384853318942594,26.89075630252101,111.0,43.0,127.0,3.640898782012613,-0.3795900345851645
11010670,11110670,종로구,창신1동,30.47948573386094,-0.3491631297963087,41.45658263305322,-0.898141537699344,22.408963585434176,198.0,37.0,111.0,3.4357637683475803,-0.636480672079329
11120660,11380632,은평구,신사2동,30.349206119399106,-1.9646322162412084,12.044817927170868,1.0511276685980948,76.47058823529412,70.0,25.0,82.0,18.07016272744834,0.7992216731446935
11240540,11710532,송파구,거여2동,30.314284052590885,-1.4218667944704972,17.086834733893557,0.14973142179055876,53.78151260504202,127.0,27.0,78.0,8.228013955683869,0.2000590016194852
11070610,11260600,중랑구,중화1동,30.27932170912288,-2.0442089225312507,11.484593837535014,1.2128973718109903,79.83193277310924,78.0,22.0,79.0,20.60834779417116,0.888651027946849
11160761,11500641,강서구,방화3동,30.131255678982622,-1.5623946601991485,15.966386554621847,0.3484689954412412,56.86274509803921,80.0,33.0,83.0,10.111506359075792,0.3381855215336316
11080810,11290525,성북구,성북동,29.828973696300586,0.9027519920043426,70.58823529411765,-1.6841166751702898,12.605042016806722,169.0,111.0,166.0,1.4242167407911186,-1.2212008672466002
11070700,11260690,중랑구,신내2동,29.686591147320495,-1.2106949429697882,20.168067226890756,-0.1787913491226216,43.69747899159664,95.0,29.0,104.0,6.610154629262353,-0.0348217913974844
11020650,11140650,중구,신당5동,29.615143170934616,-0.9997511070252493,22.689075630252102,-0.342474801740155,38.655462184873954,256.0,30.0,65.0,5.918318550111559,-0.3091536438191392
11250580,11740580,강동구,암사2동,29.17202546095256,-1.557552284519482,16.246498599439775,0.10960379919814467,52.38095238095239,112.0,37.0,61.0,8.234536089953872,0.15598138530818
11110790,11350595,노원구,공릉1동,28.50269097347899,2.307611002572187,93.55742296918767,-2.0175974819009936,8.683473389355742,526.0,162.0,211.0,0.6979018280894281,-1.588750641282252
11010560,11110560,종로구,평창동,28.43378720548912,-0.2908675035326453,45.09803921568628,-1.3449880478016796,17.92717086834734,102.0,39.0,162.0,2.2519543707400884,-0.8458417212203627
11200720,11590510,동작구,노량진1동,28.269120727154554,1.3735203337377626,81.5126050420168,-1.936187546154957,9.803921568627452,321.0,95.0,180.0,0.8622251549499627,-1.4033000617197824
11090640,11305625,강북구,수유2동,28.2413514466535,-0.8470630290577126,26.610644257703083,-0.6648034229608158,29.971988795518207,175.0,33.0,85.0,4.086038019839061,-0.3932030802587414
11200560,11590560,동작구,상도4동,27.8975284416198,-0.6416172441586562,30.532212885154063,-0.7688513222427309,25.49019607843137,139.0,35.0,112.0,3.71594655746982,-0.4475819861088808
11070680,11260660,중랑구,망우3동,27.526620763292772,-2.1869546433955995,10.364145658263306,0.9347159643656952,73.10924369747899,91.0,27.0,54.0,17.8407070074838,0.6307488802113772
11110600,11350619,노원구,중계본동,27.423813230387765,-0.4569260144012292,37.81512605042017,-1.155759646437244,19.88795518207283,148.0,51.0,95.0,2.4727090106750222,-0.6982566575452868
11200680,11590660,동작구,대방동,27.307692116423397,1.0433453119002372,73.94957983193278,-1.9234737150270804,10.084033613445378,229.0,72.0,199.0,0.9123841707599004,-1.3282123098887766
11200690,11590670,동작구,신대방1동,26.969422749380186,-0.7738557902788026,28.851540616246496,-0.7861968270673233,25.210084033613445,140.0,46.0,83.0,3.615763402655664,-0.4508324138655934
11020730,11140665,중구,동화동,26.78111401151318,-2.219383255941714,9.243697478991598,1.1095367873039308,77.59103641456583,93.0,32.0,47.0,18.49275646451424,0.8313332009150184
11100590,11320511,도봉구,창1동,26.738598462255965,-0.4753522161179743,37.53501400560224,-1.211953308603642,19.047619047619047,149.0,50.0,94.0,2.4841171384638177,-0.7792368083578262
11110640,11350624,노원구,중계4동,26.615066711976926,-0.5248356960300334,34.173669467787114,-1.0967764852102457,20.72829131652661,221.0,41.0,81.0,2.783355278627651,-0.7449853931942917
11090610,11305603,강북구,번2동,26.51464328560052,-2.228872043473889,8.96358543417367,1.1740485855083402,78.43137254901961,43.0,18.0,110.0,21.741999208845066,0.8798332095667041
11010600,11110600,종로구,가회동,26.47318173828719,-0.32324518094162485,43.13725490196079,-1.461891256920993,16.246498599439775,159.0,104.0,63.0,2.259623669502777,-1.1150801950771771
11010540,11110540,종로구,삼청동,26.462806201248153,-0.5471991128987936,33.33333333333333,-1.0855785833282263,21.008403361344538,170.0,112.0,49.0,3.0239942958395596,-0.8096209772159645
11160530,11500530,강서구,등촌2동,26.396008939808958,-1.9050160601559765,13.445378151260504,0.095399983198715,51.820728291316534,86.0,32.0,58.0,8.487794659948486,0.1778586705423029
11070570,11260570,중랑구,면목7동,26.38708986236568,-0.11822501921488429,48.739495798319325,-1.550517113338002,14.285714285714285,191.0,49.0,108.0,1.8519560495296583,-1.0983081726187316
11060720,11230720,동대문구,휘경1동,26.25742278840082,-0.8168658433559961,28.291316526610643,-0.831361848915739,24.369747899159663,150.0,41.0,82.0,3.4945288747117327,-0.484782105171181
11210650,11620655,관악구,신원동,26.239487388228564,-1.3798702889580077,18.207282913165265,-0.3768020954797077,37.81512605042017,174.0,34.0,54.0,5.436024295081739,-0.2004774268881722
11240550,11710540,송파구,마천1동,26.14212346290218,-2.3159616646846355,7.282913165266107,2.039979715822889,93.8375350140056,119.0,13.0,73.0,38.55946756779527,1.381794914404609
11130720,11410720,서대문구,북가좌2동,26.09706375092911,0.3461610222338973,60.78431372549019,-1.8032283777125266,11.204481792717088,260.0,59.0,115.0,1.1941867376757582,-1.2556798459291774
11080770,11290770,성북구,장위2동,25.873620703093533,-1.057159941805027,22.128851540616246,-0.6636776312387179,30.252100840336134,149.0,27.0,89.0,4.358444803189649,-0.4000738537453246
11120600,11380590,은평구,응암2동,25.72154685321904,-1.3330812544545474,19.047619047619047,-0.48803757640617623,34.73389355742297,104.0,26.0,91.0,4.995202036897696,-0.2036938844397617
11240650,11710620,송파구,가락본동,25.629869431255738,1.537554629043543,83.75350140056022,-2.042553509445634,7.8431372549019605,538.0,100.0,144.0,0.7111717219790641,-1.5442016885808558
11100510,11320660,도봉구,쌍문1동,25.440897937612412,-0.6130918649785174,31.652661064425768,-1.1022018882087234,20.448179271708682,99.0,40.0,126.0,2.994010391455953,-0.6990854422950309
11180590,11545690,금천구,시흥3동,25.419299936561636,-1.957093670587057,12.605042016806722,0.0780635826196676,51.26050420168067,105.0,20.0,66.0,8.79109245487374,0.1199034604951258
11080760,11290760,성북구,장위1동,25.346657761038923,-0.9033760623613578,24.92997198879552,-0.760774650356921,25.770308123249297,138.0,28.0,103.0,3.7968772598302465,-0.4203551813310494
11050580,11215770,광진구,중곡4동,25.34046583282609,-0.009268202794152566,52.10084033613446,-1.7505676690855585,12.324929971988796,202.0,54.0,105.0,1.3670354610631448,-1.1965840462421171
11130620,11410620,서대문구,홍제1동,25.185172877298626,0.01751396560917106,52.66106442577031,-1.752717717692943,12.044817927170868,149.0,51.0,135.0,1.4114373683721568,-1.1801136524524132
11040570,11200570,성동구,행당2동,25.132154684770814,-2.2066820305812787,9.803921568627452,0.530178854138002,64.42577030812325,52.0,23.0,79.0,12.597603876994151,0.5011324955988155
11050590,11215780,광진구,능동,23.862192528792228,-1.4761434715496822,16.5266106442577,-0.4962073453856812,34.45378151260504,145.0,43.0,47.0,4.812989145089523,-0.2357834531628108
11110610,11350621,노원구,중계1동,23.75013188933498,-0.8724282581857296,25.49019607843137,-0.9521089233162449,22.128851540616246,98.0,53.0,85.0,3.1076365416302876,-0.508158979615228
11150690,11470670,양천구,신정6동,23.685622584436643,-2.32513645542559,7.002801120448179,1.213847012297755,80.11204481792717,41.0,32.0,72.0,20.01458814516218,1.01000362408079
11120680,11380650,은평구,수색동,23.534413233943944,-2.1644282970637456,10.92436974789916,0.056925433940453955,50.700280112044815,82.0,22.0,60.0,8.428211922712784,0.177321648139787
11200660,11590650,동작구,사당4동,23.529411764705884,-1.8745786376650269,13.725490196078432,-0.2632760101723392,40.33613445378151,90.0,27.0,62.0,6.49554595609793,-0.0683652810310747
11220530,11650530,서초구,서초3동,23.469310997930993,3.6496984143219238,98.31932773109243,-2.3294217187517994,5.602240896358544,908.0,279.0,332.0,0.3464216503433525,-1.9883509556531085
11150600,11470590,양천구,신월4동,23.23748476409651,-1.416230142047901,17.366946778711483,-0.6559621999663425,31.092436974789916,151.0,28.0,63.0,4.672297832307312,-0.4236841660131279
11250670,11740660,강동구,성내3동,23.190164746015913,1.4928804258317832,83.4733893557423,-2.203146710729062,6.442577030812324,466.0,116.0,136.0,0.667305613233047,-1.726245433502336
11210620,11620625,관악구,인헌동,23.174934220586056,-0.020809887165803724,51.820728291316534,-1.8622722210690645,10.364145658263306,192.0,55.0,105.0,1.2750674147401002,-1.3035115124330006
11030590,11170590,용산구,용문동,22.76330493435299,-1.805115453402462,14.565826330532214,-0.4603884060590944,35.57422969187675,121.0,27.0,54.0,6.142569986522873,-0.337124047648119
11030630,11170630,용산구,이촌1동,22.492840223960485,-0.773588701424088,29.13165266106443,-1.4318790464558946,17.366946778711483,154.0,27.0,102.0,1.947654700439927,-0.8536026268759836
11110690,11350670,노원구,상계5동,22.464916140911395,0.20819882894992572,56.30252100840336,-2.01196971045672,8.96358543417367,237.0,60.0,105.0,1.0907820214143962,-1.473037207405823
11130740,11410555,서대문구,북아현동,22.34760507203159,-1.3416577395527178,18.76750700280112,-0.7459413586110685,26.610644257703083,100.0,33.0,76.0,3.210803824275246,-0.1839450201049511
11210640,11620645,관악구,서원동,22.025785583329675,0.4900102357700827,64.14565826330532,-2.072804706768998,7.563025210084033,354.0,70.0,94.0,0.9300505710347748,-1.555177486228576
11240800,11710680,송파구,잠실3동,21.963356620630428,0.27598557591626577,59.38375350140056,-2.0337651269350103,8.123249299719888,195.0,80.0,103.0,0.7882780318492685,-1.3265422123609931
11060910,11230600,동대문구,답십리1동,21.643074254433454,0.18894545122089862,55.74229691876751,-2.0224280159796493,8.403361344537815,173.0,61.0,124.0,1.0563757277046022,-1.4277341740543097
11210780,11620605,관악구,은천동,21.515814419800023,0.6526839823421242,66.1064425770308,-2.0784771780844387,7.002801120448179,307.0,66.0,123.0,0.8878505326585546,-1.5317571113025772
11230600,11680600,강남구,대치1동,21.1924709460815,-0.6664990952979075,30.252100840336134,-1.497103593739833,14.84593837535014,104.0,31.0,130.0,1.784968527550397,-0.8481262874316968
11100530,11320680,도봉구,쌍문3동,20.77366522995984,-0.821337394651339,28.011204481792717,-1.481900322682173,15.406162464985995,156.0,38.0,78.0,2.036481828214905,-0.9703959866299156
11080780,11290780,성북구,장위3동,20.59156969130432,-2.279371736588865,7.8431372549019605,0.1805258011870021,54.061624649859944,60.0,16.0,82.0,10.160354595476848,0.2311149149550344
11210820,11620745,관악구,삼성동,20.467356036001753,-2.4046981402651766,5.322128851540616,1.176659632656583,78.71148459383754,76.0,10.0,94.0,19.4578659098347,0.9690570492577086
11250560,11740560,강동구,고덕2동,20.400158494154763,-0.3171488255271526,43.69747899159664,-1.9712964252926857,9.523809523809524,170.0,64.0,78.0,1.1201456540616468,-1.3449514098345592
11180600,11545700,금천구,시흥4동,20.325019533525754,-2.5245062251656547,4.201680672268908,2.799444922929754,98.31932773109243,76.0,18.0,72.0,70.37062184034319,1.8634036888178025
11110760,11350665,노원구,상계3.4동,20.210816815179214,-0.42918950354704893,38.37535014005603,-1.8549353095774535,10.644257703081232,167.0,35.0,107.0,1.3749045386294152,-1.2646675013528397
11030650,11170650,용산구,이태원1동,20.17390205045472,0.8038891571674915,69.187675070028,-2.3108710334551636,5.88235294117647,582.0,99.0,71.0,0.7290529488920666,-1.8785394379086564
11130690,11410690,서대문구,남가좌1동,20.150552618961008,-1.13897767211914,21.008403361344538,-1.1786492547672593,19.327731092436977,137.0,22.0,94.0,2.988901117334366,-0.7726992625427859
11070590,11260580,중랑구,상봉1동,19.925399712917354,-0.6382965507792459,30.81232492997199,-1.6817234695009324,12.885154061624648,153.0,48.0,78.0,1.598765725010824,-1.1053387661631784
11230530,11680531,강남구,논현2동,19.523628675884172,3.2672948156015704,97.19887955182072,-2.5569927329992344,3.9215686274509802,927.0,262.0,240.0,0.2994206800046136,-2.235593832512494
11040730,11200645,성동구,옥수동,19.443085309891625,-0.360943328820406,40.896358543417364,-2.0038569825561026,9.243697478991598,132.0,35.0,129.0,1.0834142331531538,-1.3058416123817465
11010580,11110580,종로구,교남동,18.981595905991504,-1.5683165972295638,15.686274509803921,-0.8672281476888574,22.969187675070028,60.0,39.0,78.0,4.539457598129848,-0.5781923739355783
11010710,11110710,종로구,숭인2동,18.89666663924138,-0.6265387227038994,31.092436974789916,-1.7864645101019117,11.484593837535014,172.0,35.0,89.0,1.528239357512626,-1.223558824463151
11010550,11110550,종로구,부암동,18.790487205880584,-0.8862450194989497,25.210084033613445,-1.5553059603816328,14.005602240896359,83.0,57.0,84.0,2.176291102069536,-1.0553115178083488
11150580,11470570,양천구,신월2동,18.368175138100842,-1.8361420736873482,14.005602240896359,-0.8467346339229949,24.089635854341736,86.0,25.0,65.0,4.213023692756765,-0.4842706510978707
11220580,11650570,서초구,반포2동,17.848215486917635,-2.272467047046042,8.123249299719888,-0.32971786536209013,39.21568627450981,46.0,22.0,74.0,5.648390494963786,0.1007989682482433
11080590,11290590,성북구,돈암2동,17.627039465044565,-2.3815038157740283,6.162464985994398,0.04485683708015656,50.42016806722689,40.0,18.0,88.0,9.246504159820953,0.1894400801234488
11040690,11200720,성동구,송정동,17.321708497188016,-2.498778205161571,4.481792717086835,0.6027525891701032,66.94677871148458,60.0,34.0,44.0,14.1706754908985,0.4717112624918616
11230720,11680720,강남구,일원본동,17.283162858153894,-2.281623111042194,7.563025210084033,-0.316886555015247,39.49579831932773,33.0,18.0,103.0,6.38806889473114,0.0554288780722429
11120740,11380625,은평구,역촌동,17.22176599320941,1.7432409081444882,88.23529411764706,-2.6306345653373424,3.361344537815126,419.0,114.0,176.0,0.3635482134636554,-2.1141198007284103
11140630,11440630,마포구,신수동,17.19440812686029,-0.3159596653056716,43.977591036414566,-2.1766572890762026,6.722689075630252,160.0,69.0,76.0,1.0063604794519818,-1.569210421085908
11040720,11200615,성동구,금호2.3가동,16.680196001074965,0.15815794819788004,55.182072829131656,-2.4724772459277125,5.042016806722689,220.0,38.0,135.0,0.6910510878486568,-1.851855653482702
11030690,11170690,용산구,서빙고동,16.595308956413025,-2.240169723932819,8.403361344537815,-0.6088064953556913,32.773109243697476,43.0,32.0,61.0,4.929465122642827,-0.178180393635684
11190750,11560585,영등포구,도림동,16.581118864928563,-1.1877472447419717,20.448179271708682,-1.601015608989094,13.445378151260504,126.0,36.0,66.0,1.9554711734604735,-1.0458526564183288
11070550,11260550,중랑구,면목5동,16.571652053500326,-2.949081729133265,2.801120448179272,2.543079045961488,98.0392156862745,76.0,22.0,42.0,56.77156210820368,1.7627858578360125
11240510,11710510,송파구,풍납1동,16.381166966065486,-2.457653447746147,5.042016806722689,0.13167480210901486,53.221288515406165,86.0,20.0,48.0,8.924724356634439,0.2501963177653694
11080630,11290630,성북구,정릉2동,15.38322713472939,-0.5789064129364083,32.49299719887955,-2.0749539623983133,7.282913165266107,115.0,38.0,110.0,1.19056405691202,-1.4279345117712927
11160570,11500550,강서구,화곡2동,15.342368557567678,-2.3262258442819403,6.722689075630252,-0.4862292794340164,35.01400560224089,72.0,16.0,65.0,6.015004186825333,-0.2163252622109023
11190690,11560690,영등포구,신길7동,15.188169985127125,-1.4544823860093217,16.80672268907563,-1.5583094079549926,13.725490196078432,89.0,27.0,78.0,2.02000401422113,-0.9273900587168984
11010730,11110650,종로구,혜화동,14.260977099560623,1.9321600358290068,90.75630252100841,-2.98063101436325,2.2408963585434174,525.0,153.0,145.0,0.2143725561296922,-2.5396754242937374
11190660,11560660,영등포구,신길4동,14.036380746630307,-3.004591781260255,2.5210084033613445,1.1598859730623898,78.15126050420169,83.0,14.0,43.0,22.874665933398237,0.8018086669165725
11160650,11500604,강서구,가양2동,14.002800840280097,-2.4026748944520118,5.88235294117647,-0.5793767722608666,33.33333333333333,50.0,16.0,75.0,5.306224336208813,-0.1768314413141958
11010640,11110640,종로구,이화동,13.85917857350474,1.1005311921831924,76.19047619047619,-2.9213047289106617,2.5210084033613445,237.0,145.0,119.0,0.2735894651963864,-2.3293070440237074
11150620,11470610,양천구,신월6동,13.596258935026999,-2.231414768490482,8.683473389355742,-1.000974432084064,21.288515406162464,93.0,22.0,47.0,4.5424806592661175,-0.7380176188963977
11240750,11710690,송파구,잠실4동,13.168245684642194,-2.7616568060156084,3.6414565826330536,-0.05830083192652505,47.61904761904761,24.0,22.0,74.0,7.667006409889898,0.3167943105898456
11210730,11620735,관악구,대학동,12.331294511515484,1.920130290458217,90.47619047619048,-3.2678669506284326,1.680672268907563,335.0,80.0,283.0,0.159162660121504,-2.801568582891063
11210610,11620615,관악구,중앙동,12.113024263551626,-0.18395634172000364,47.61904761904761,-2.8417310718102704,3.081232492997199,203.0,52.0,83.0,0.4766040988859376,-2.197077058760472
11210660,11620665,관악구,서림동,12.025259346591417,-0.8332438632652034,27.170868347338935,-2.435929037009934,5.322128851540616,139.0,39.0,74.0,0.8228961154522838,-1.737497323948853
11250590,11740590,강동구,암사3동,11.824577545773352,-2.842734505387103,3.081232492997199,-0.11407305989067117,45.378151260504204,37.0,24.0,50.0,7.923448680204011,0.1546173419054913
11010700,11110700,종로구,숭인1동,11.53572004592381,-3.3648778835746924,2.2408963585434174,0.4175835508482346,59.38375350140056,43.0,14.0,43.0,13.302525157054616,0.4362723315057344
11210710,11620715,관악구,난향동,10.992390403556628,-2.667913544710632,3.9215686274509802,-0.6606575125639549,30.81232492997199,38.0,17.0,68.0,6.182120398520603,-0.3786030022189992
11180610,11545710,금천구,시흥5동,10.4433343878472,-0.4080911399198641,38.93557422969188,-2.921116959206274,2.801120448179272,158.0,33.0,106.0,0.4775412400565761,-2.235427041159119
11190670,11560670,영등포구,신길5동,9.457671157498114,-2.4046923782839693,5.602240896358544,-1.4799018090241949,15.966386554621847,60.0,14.0,66.0,2.733730679714923,-0.8852267512673176
11240590,11710566,송파구,오륜동,9.382708248988362,-1.8310044905565432,14.285714285714285,-2.2840592679634493,6.162464985994398,46.0,29.0,74.0,0.9015011993007072,-1.3258865375733937
11050660,11215840,광진구,자양3동,9.290265519202801,0.36665574809377033,61.62464985994398,-3.4698728560873766,1.400560224089636,196.0,73.0,105.0,0.1518899728415365,-2.8683521283980316
11250650,11740640,강동구,성내1동,8.733029281859887,0.7794184756967844,68.0672268907563,-3.9219868258844017,1.1204481792717087,251.0,107.0,98.0,0.0526278420358892,-3.4925526246996017
11020720,11140645,중구,청구동,8.57893155804681,-3.5721343842538533,1.9607843137254901,-0.39249302521130397,37.53501400560224,51.0,11.0,34.0,7.606882298917762,-0.1382956916540301
11130650,11410655,서대문구,홍제2동,8.389344051468871,-2.349030110288586,6.442577030812324,-1.8283081205738854,10.92436974789916,62.0,18.0,56.0,2.03572185215241,-1.168844020657401
11040580,11200580,성동구,응봉동,8.31890330807703,-3.635144972382289,1.680672268907563,-0.2597830197081342,41.17647058823529,26.0,9.0,56.0,8.729545412531975,0.0138261082608629
11010690,11110690,종로구,창신3동,7.469070938920662,-4.927495041503475,0.8403361344537815,0.589027145045653,66.38655462184873,21.0,8.0,24.0,20.48817472092244,0.4831157156432614
11160660,11500605,강서구,가양3동,6.803897928006229,-3.6448669472888895,1.400560224089636,-0.6063217278925317,33.0532212885154,27.0,9.0,52.0,6.483857513830968,-0.1893935808858357
11110720,11350700,노원구,상계8동,6.533279434000336,-2.210464739258876,9.523809523809524,-2.511706972507747,4.481792717086835,45.0,12.0,92.0,0.9904117678064835,-1.6191805098369807
11080640,11290640,성북구,정릉3동,6.250956191714677,-0.2526888346843124,46.49859943977591,-3.931677214953263,0.8403361344537815,130.0,34.0,124.0,0.0765607901109523,-3.299409351942095
11110730,11350710,노원구,상계9동,6.059750042796621,-2.195235570383163,10.084033613445378,-2.5873059807207186,3.6414565826330536,51.0,14.0,78.0,0.9147390171259612,-1.7073626051491746
11220560,11650550,서초구,반포본동,5.57415931152168,-3.9699988855741064,1.1204481792717087,-0.7217124844310282,27.73109243697479,26.0,12.0,33.0,6.123644582641302,-0.2771823800961276
11040590,11200590,성동구,금호1가동,5.496195201778314,-1.612710229448501,15.406162464985995,-3.252896444975476,1.9607843137254901,58.0,21.0,88.0,0.3719393917582699,-2.3642001793599445
11070650,11260630,중랑구,묵2동,5.299968607401821,-0.08328353859633121,50.14005602240896,-3.9830525601460884,0.5602240896358543,219.0,41.0,92.0,0.0578323745198337,-3.443960577350857
11240780,11710720,송파구,잠실7동,5.1038843580640325,-5.095432336334853,0.5602240896358543,-0.08756299155917904,46.49859943977591,11.0,7.0,30.0,10.645472809434624,0.303764964726693
11100540,11320681,도봉구,쌍문4동,4.761904761904762,-2.4984745310348297,4.761904761904762,-2.509879240708766,4.761904761904762,43.0,15.0,64.0,1.034289883247609,-1.6196875932289965
11110740,11350720,노원구,상계10동,3.758097441176117,-2.7905360304981355,3.361344537815126,-2.528524681753622,4.201680672268908,28.0,15.0,64.0,1.0057785674411888,-1.5503368807776987
11230680,11680660,강남구,개포1동,3.705534049110071,-5.641679339434557,0.2801120448179272,0.006686155722099461,49.01960784313725,7.0,3.0,38.0,10.940933741648172,0.5438700966643872
11220640,11650620,서초구,방배3동,2.8839300114809525,-0.7086043406146261,29.69187675070028,-4.1549100998965605,0.2801120448179272,66.0,40.0,112.0,0.0548386465525353,-3.47134915787941
