adm_cd,admi_cd,sgg_nm,admi_nm,living_pop,store_food,parking_slots,expected_slots,supply_ratio,residual,z_residual,grade
11250650,11740640,강동구,성내1동,19001.349120833333,251.0,1.0,112.50693082890935,0.008888341301574674,-4.038716719069035,-3.4925526246996017,공급부족
11220640,11650620,서초구,방배3동,18235.315108333332,66.0,1.0,109.7576678804318,0.009110980757074609,-4.014197461909296,-3.47134915787941,공급부족
11070650,11260630,중랑구,묵2동,17291.35295416667,219.0,1.0,106.3047638135624,0.009406916154329667,-3.9825258652352877,-3.443960577350857,공급부족
11080640,11290640,성북구,정릉3동,13061.516195833334,130.0,1.0,89.78707711392062,0.011137460224161365,-3.8153697723845754,-3.299409351942095,공급부족
11050660,11215840,광진구,자양3동,26334.852295833334,196.0,4.0,136.87422978968502,0.02922390873830834,-3.316903978829747,-2.8683521283980316,공급부족
11210730,11620735,관악구,대학동,31414.403329166667,335.0,5.0,152.15283069739618,0.03286169555362446,-3.2396768470493345,-2.801568582891063,공급부족
11010730,11110650,종로구,혜화동,37318.209683333334,525.0,8.0,168.70362105818657,0.04742044035463096,-2.936828932673873,-2.5396754242937374,공급부족
11040590,11200590,성동구,금호1가동,13443.050429166666,58.0,5.0,91.35800673061988,0.05472974048944724,-2.7339129335032664,-2.3642001793599445,공급부족
11010640,11110640,종로구,이화동,40206.22647916667,237.0,11.0,176.41114149819623,0.0623543383177557,-2.6935632225020414,-2.3293070440237074,공급부족
11230530,11680531,강남구,논현2동,43417.174791666665,927.0,13.0,184.72229178406775,0.07037591334778603,-2.5851951734563827,-2.235593832512494,공급부족
11180610,11545710,금천구,시흥5동,10470.299904166666,158.0,5.0,78.57991752029154,0.06362948903209092,-2.5850022993325372,-2.235427041159119,공급부족
11210610,11620615,관악구,중앙동,12589.065041666669,203.0,6.0,87.81586641237534,0.068324782811167,-2.5406551607972263,-2.197077058760472,공급부족
11120740,11380625,은평구,역촌동,38509.3351625,419.0,14.0,171.9107003670897,0.08143762994452983,-2.444725077278147,-2.1141198007284103,공급부족
11220530,11650530,서초구,서초3동,66393.07900416666,908.0,23.0,238.21013147265907,0.09655340794201216,-2.2992885464864847,-1.9883509556531085,공급부족
11030650,11170650,용산구,이태원1동,12344.782383333331,582.0,9.0,86.78492922557237,0.10370464181179544,-2.1723047440021883,-1.8785394379086564,공급부족
11040720,11200615,성동구,금호2.3가동,15917.781179166666,220.0,11.0,101.14106101075295,0.10875899352915153,-2.1414481591859738,-1.851855653482702,공급부족
11210660,11620665,관악구,서림동,14582.6426625,139.0,12.0,95.94616976832745,0.1250701307720289,-2.0092065161576493,-1.737497323948853,공급부족
11250670,11740660,강동구,성내3동,26974.147441666664,466.0,18.0,138.85889736404314,0.12962799173617098,-1.9961950592232274,-1.726245433502336,공급부족
11110730,11350710,노원구,상계9동,12025.2878625,51.0,11.0,85.4240497710283,0.12876935745243334,-1.9743593411201155,-1.7073626051491746,공급부족
11100540,11320681,도봉구,쌍문4동,11602.163179166666,43.0,12.0,83.5990553570335,0.14354229182076989,-1.872973743095789,-1.6196875932289965,공급부족
11110720,11350700,노원구,상계8동,13125.853733333335,45.0,13.0,90.05326744534321,0.14435900405157648,-1.8723873621895106,-1.6191805098369807,공급부족
11110790,11350595,노원구,공릉1동,37254.523420833335,526.0,26.0,168.53099102124727,0.15427429603568932,-1.837198881986832,-1.588750641282252,공급부족
11140630,11440630,마포구,신수동,14905.195808333332,160.0,15.0,97.21821545454381,0.15429207304276768,-1.8146029693459869,-1.569210421085908,공급부족
11210640,11620645,관악구,서원동,19353.7863,354.0,18.0,113.75673596817424,0.1582323881465434,-1.7983755692990693,-1.555177486228576,공급부족
11110740,11350720,노원구,상계10동,15908.074120833331,28.0,16.0,101.10394222188533,0.15825297855236925,-1.7927779917488795,-1.5503368807776987,공급부족
11240650,11710620,송파구,가락본동,40777.774345833335,538.0,29.0,177.90961999809616,0.16300411411316787,-1.7856833804537318,-1.5442016885808558,공급부족
11210780,11620605,관악구,은천동,23652.6298375,307.0,21.0,128.32584866297012,0.1636459078104643,-1.771292724759645,-1.5317571113025772,공급부족
11110690,11350670,노원구,상계5동,16501.922150000002,237.0,18.0,103.35819905366304,0.17415164123220156,-1.7033902238974434,-1.4730372074058227,공급부족
11080630,11290630,성북구,정릉2동,15118.884108333334,115.0,18.0,98.05481308886174,0.1835707950785402,-1.6512343853150755,-1.4279345117712927,공급부족
11060910,11230600,동대문구,답십리1동,20825.9234125,173.0,22.0,118.88068239969877,0.18505950298999752,-1.6510027188596244,-1.4277341740543095,공급부족
11200720,11590510,동작구,노량진1동,38273.065695833335,321.0,33.0,171.2777730299069,0.19266948312223706,-1.62274760902873,-1.4033000617197824,공급부족
11080600,11290600,성북구,안암동,23927.15625,377.0,26.0,129.2181665630375,0.20121009832867592,-1.5733743821709236,-1.3606036794164775,공급부족
11130750,11410585,서대문구,신촌동,59575.58899166667,1132.0,46.0,223.25440870755108,0.2060429635692303,-1.5626335588240066,-1.351315360036564,공급부족
11250560,11740560,강동구,고덕2동,23211.267129166667,170.0,26.0,126.8824244031867,0.20491411731999504,-1.555274416431021,-1.3449514098345592,공급부족
11200680,11590660,동작구,대방동,41649.122395833336,229.0,38.0,180.17787949679155,0.210902692972789,-1.5359176621948514,-1.3282123098887766,공급부족
11240800,11710680,송파구,잠실3동,60892.22084166666,195.0,48.0,226.1945487862311,0.21220670550006576,-1.5339863954301838,-1.3265422123609931,공급부족
11240590,11710566,송파구,오륜동,43261.173729166665,46.0,39.0,184.32436990194728,0.21158352539464173,-1.5332281864605544,-1.3258865375733937,공급부족
11040730,11200645,성동구,옥수동,28613.247870833333,132.0,31.0,143.86243182513977,0.2154836367404071,-1.5100486432429467,-1.3058416123817465,공급부족
11210620,11620625,관악구,인헌동,18822.534183333333,192.0,24.0,111.86924084144322,0.21453618366836125,-1.5073541631215739,-1.3035115124330006,공급부족
11110760,11350665,노원구,상계3.4동,17455.75734583333,167.0,24.0,106.9115127333272,0.22448471063976025,-1.4624357398813106,-1.2646675013528397,공급부족
11130720,11410720,서대문구,북가좌2동,25959.089162499997,260.0,31.0,135.69859982725345,0.22844745663893004,-1.4520425982094944,-1.2556798459291774,공급부족
11010710,11110710,종로구,숭인2동,15049.998475,172.0,23.0,97.78564824985258,0.23520833999313057,-1.414898503225507,-1.223558824463151,공급부족
11080810,11290525,성북구,성북동,18255.648354166668,169.0,26.0,109.83123905793234,0.2367268203747193,-1.41217180952704,-1.2212008672466002,공급부족
11050580,11215770,광진구,중곡4동,21945.297583333333,202.0,30.0,122.67938639506751,0.24453986021245858,-1.3837054191116094,-1.1965840462421171,공급부족
11050530,11215710,광진구,화양동,40331.944475,894.0,44.0,176.7414823167133,0.248951176731413,-1.3736676583089542,-1.1879037127906782,공급부족
11130620,11410620,서대문구,홍제1동,21254.928254166665,149.0,30.0,120.34607603085236,0.249281081605927,-1.3646593912013358,-1.1801136524524132,공급부족
11130650,11410655,서대문구,홍제2동,8350.846154166667,62.0,17.0,68.54674917401941,0.24800592595342713,-1.3516274185328685,-1.1688440206574007,공급부족
11160670,11500611,강서구,발산1동,26693.159154166668,461.0,36.0,137.98894761226967,0.2608904598733164,-1.3234765037443013,-1.1445000128520777,공급부족
11050540,11215730,광진구,군자동,22056.64365833333,377.0,33.0,123.05291912541244,0.26817730318422783,-1.294347717090103,-1.1193103728352147,공급부족
11010600,11110600,종로구,가회동,7523.376670833332,159.0,17.0,64.35459711050203,0.264161392709982,-1.289456025690753,-1.1150801950771771,공급부족
11070590,11260580,중랑구,상봉1동,19389.9578375,153.0,31.0,113.88448422237593,0.2722056495375438,-1.2781912357075318,-1.1053387661631784,공급부족
11070570,11260570,중랑구,면목7동,13499.240441666669,191.0,25.0,91.58783287243557,0.2729620214381559,-1.270061200531504,-1.0983081726187316,공급부족
11230650,11680650,강남구,역삼2동,43447.3369375,458.0,52.0,184.79916160074055,0.2813865579777155,-1.254374400442519,-1.084742731258301,공급부족
11010550,11110550,종로구,부암동,10108.941758333332,83.0,22.0,76.93186821771948,0.28596731770167527,-1.2203407446624475,-1.0553115178083488,공급부족
11190750,11560585,영등포구,도림동,13807.413970833331,126.0,27.0,92.8415029383313,0.2908182132503217,-1.2094027100086344,-1.0458526564183288,공급부족
11190560,11560560,영등포구,당산2동,39112.11537083334,359.0,52.0,173.5183815273198,0.2996800658367874,-1.1917381608081175,-1.0305769210880673,공급부족
11100530,11320680,도봉구,쌍문3동,15713.373699999998,156.0,32.0,100.35748421687906,0.3188601253778534,-1.122146153962912,-0.9703959866299157,보통
11170510,11530510,구로구,신도림동,34616.79232083333,267.0,52.0,161.2727398356678,0.3224351496290475,-1.1189865852819252,-0.9676636930185323,보통
11240710,11710650,송파구,잠실본동,39365.51819166667,792.0,57.0,174.191242159666,0.32722655452306293,-1.1054351790333072,-0.95594487173094,보통
11190690,11560690,영등포구,신길7동,18316.795283333333,89.0,37.0,110.05228590479936,0.3362038298051057,-1.0724149748668435,-0.9273900587168984,보통
11140730,11440730,마포구,성산2동,35361.0376875,229.0,56.0,163.34265502505266,0.3428375765742941,-1.0589023402216498,-0.9157047658678479,보통
11140700,11440700,마포구,망원2동,15482.895120833333,214.0,34.0,99.46900878127506,0.3418150076750384,-1.0545012481182368,-0.911898842638634,보통
11200710,11590605,동작구,흑석동,27580.909458333335,337.0,49.0,140.7250578480193,0.34819669467053393,-1.0418659629530276,-0.9009722534675688,보통
11190670,11560670,영등포구,신길5동,9510.812529166667,60.0,26.0,74.15067144702631,0.35063741828116224,-1.0236581849122421,-0.8852267512673176,보통
11030630,11170630,용산구,이촌1동,25158.463658333338,154.0,49.0,133.17054263964346,0.3679492403405828,-0.9870886915846548,-0.8536026268759836,보통
11230600,11680600,강남구,대치1동,31933.336145833335,104.0,57.0,153.65533174474987,0.3709601180301873,-0.9807559641930839,-0.8481262874316968,보통
11010560,11110560,종로구,평창동,17762.3492375,102.0,40.0,108.0368834277405,0.37024392717468235,-0.978114138358225,-0.8458417212203627,보통
11020520,11140520,중구,소공동,25162.8179875,574.0,51.0,133.18437906649405,0.382927790462105,-0.9479710987823986,-0.8197749878221253,보통
11100550,11320690,도봉구,방학1동,25844.547166666667,423.0,52.0,135.33887324650013,0.38422072500403887,-0.9448515880568915,-0.817077335045265,보통
11010540,11110540,종로구,삼청동,9259.276725,170.0,28.0,72.96004668366687,0.38377168426714003,-0.9362292077338039,-0.8096209772159645,보통
11100590,11320511,도봉구,창1동,16907.415254166666,149.0,42.0,104.87865660987094,0.4004627953639049,-0.9010935737294532,-0.7792368083578262,보통
11130690,11410690,서대문구,남가좌1동,10706.2759,137.0,32.0,79.64374549635323,0.40178924032980384,-0.89353368890534,-0.7726992625427859,보통
11110640,11350624,노원구,중계4동,14011.865570833334,221.0,39.0,93.66699227192566,0.41636865937553197,-0.8614859348654176,-0.7449853931942917,보통
11150620,11470610,양천구,신월6동,3962.592545833333,93.0,18.0,43.60596175604877,0.41278759314380087,-0.8534285425866042,-0.7380176188963977,보통
11160740,11500615,강서구,우장산동,32055.69426666667,203.0,66.0,154.00816225260166,0.42854871478660905,-0.8387851558360122,-0.725354487910063,보통
11100510,11320660,도봉구,쌍문1동,13360.007070833331,99.0,40.0,91.0176340591389,0.4394752776589415,-0.8084081665333693,-0.6990854422950309,보통
11110600,11350619,노원구,중계본동,21838.396579166667,148.0,54.0,122.32004426497366,0.4414648500537119,-0.8074497767294107,-0.6982566575452868,보통
11240580,11710562,송파구,방이2동,43476.52393333334,711.0,83.0,184.8735256684458,0.4489555748985558,-0.7942496740612759,-0.686841632321501,보통
11240630,11710600,송파구,석촌동,25210.1068625,560.0,61.0,133.3345831352172,0.4574957116574828,-0.7731991919263104,-0.6686378508370167,보통
11010670,11110670,종로구,창신1동,11351.187866666667,198.0,39.0,82.50385007701747,0.472705212709388,-0.7360132853866959,-0.636480672079329,보통
11030510,11170510,용산구,후암동,11068.1792625,168.0,39.0,81.25705061436769,0.4799583507539235,-0.7209696536128756,-0.62347142203993,보통
11190540,11560540,영등포구,여의동,96690.14269583332,1719.0,145.0,298.2692450891645,0.486137952160149,-0.7177370317367799,-0.6206759543695405,보통
11010580,11110580,종로구,교남동,6608.719070833333,60.0,30.0,59.497200371297204,0.5042254057801462,-0.6686098846263437,-0.5781923739355783,보통
11160690,11500620,강서구,공항동,29633.3371,285.0,75.0,146.91795429623744,0.5104890029218215,-0.6659244168986191,-0.5758700676156707,보통
11240570,11710561,송파구,방이1동,19795.205195833332,241.0,60.0,115.3091873552004,0.5203401513460933,-0.645378189266463,-0.5581023492447462,보통
11060880,11230660,동대문구,장안2동,29658.124045833338,447.0,80.0,146.99166616139044,0.5442485420375023,-0.6027068077858893,-0.5212015077755062,보통
11200630,11590620,동작구,사당1동,20815.968104166663,447.0,65.0,118.84653301847655,0.5469238214117255,-0.5965572907632692,-0.5158836027794517,보통
11140770,11440565,마포구,공덕동,27533.753770833337,413.0,77.0,140.58062412689807,0.5477283976950786,-0.5961605099452099,-0.5155404794598584,보통
11060890,11230740,동대문구,이문1동,30919.9606875,297.0,83.0,150.7118785366502,0.5507196964558836,-0.5911663872581281,-0.5112217224109956,보통
11110610,11350621,노원구,중계1동,21559.792820833332,98.0,67.0,121.38017635124952,0.5519846981117875,-0.5876246938708913,-0.508158979615228,보통
11120550,11380551,은평구,갈현1동,18151.0921375,343.0,61.0,109.45257271781544,0.5573190148509969,-0.5774518376037658,-0.49936181994104545,보통
11110650,11350630,노원구,상계1동,30229.27179166667,304.0,84.0,148.6833198189416,0.5649591366556154,-0.5658706046719786,-0.4893467413191176,보통
11050640,11215820,광진구,자양1동,20128.393108333337,284.0,66.0,116.47174763742821,0.566661025860583,-0.5615052396426519,-0.4855717137171665,보통
11060720,11230720,동대문구,휘경1동,17169.696445833335,150.0,60.0,105.85427780517846,0.5668169604862654,-0.5605921524027808,-0.48478210517118103,보통
11220550,11650540,서초구,잠원동,34843.2583375,340.0,92.0,161.90448020634292,0.5682362827930917,-0.5605645248779165,-0.48475821377418776,보통
11150580,11470570,양천구,신월2동,10681.1647125,86.0,45.0,79.53099278087083,0.5658171541248962,-0.5600007173296753,-0.48427065109787076,보통
11150540,11470540,양천구,목4동,15259.0251625,228.0,56.0,98.6008776449759,0.5679462631320039,-0.5581197084137246,-0.4826440149449887,보통
11020550,11140550,중구,명동,46549.73484166667,1100.0,110.0,192.59427342661326,0.5711488615050372,-0.5562343936846741,-0.4810136552631024,보통
11140750,11440585,마포구,도화동,18250.160516666667,363.0,63.0,109.81138584294864,0.5737110001516791,-0.5489464459894533,-0.47471127195123597,보통
11080850,11290810,성북구,석관동,25340.0663625,367.0,77.0,133.74678935080635,0.5757147545279432,-0.5466885561054973,-0.4727587212305429,보통
11190760,11560605,영등포구,문래동,39481.017925,622.0,102.0,174.49734775388256,0.5845361050636971,-0.5328949420485998,-0.46083044640229115,보통
11200690,11590670,동작구,신대방1동,17423.706416666668,140.0,63.0,106.79340777313811,0.5899240534943063,-0.5213334208625788,-0.4508324138655934,보통
11200560,11590560,동작구,상도4동,16415.736625,139.0,61.0,103.03309580945533,0.5920427753894787,-0.517574692409263,-0.4475819861088808,보통
11110660,11350640,노원구,상계2동,32574.983216666664,652.0,94.0,155.49956130733455,0.6045033131264933,-0.4991763152277162,-0.43167165988762596,보통
11150600,11470590,양천구,신월4동,9845.262791666666,151.0,46.0,75.71423939855764,0.6075475414585794,-0.4899397400001142,-0.4236841660131279,보통
11140660,11440660,마포구,서교동,119405.60491666668,2255.0,207.0,338.3672511715191,0.6117613311669788,-0.4895447780824389,-0.42334261562022213,보통
11080760,11290760,성북구,장위1동,16855.957045833333,138.0,64.0,104.68652906979865,0.6113489535728963,-0.48609016991834864,-0.4203551813310494,보통
11230670,11680656,강남구,도곡2동,24980.110008333333,247.0,82.0,132.60296721959892,0.6183873688452446,-0.4760318627868516,-0.41165708007371676,보통
11080770,11290770,성북구,장위2동,12619.180116666668,149.0,55.0,87.94239798278761,0.6254093731986339,-0.46263725578726156,-0.40007385374532467,보통
11170690,11530790,구로구,수궁동,15778.3279375,108.0,63.0,100.60692424586321,0.6261994437484302,-0.46222860148867895,-0.39972046262077,보통
11090640,11305625,강북구,수유2동,15173.622883333335,175.0,62.0,98.26834707503124,0.6309254388156227,-0.4546920332709403,-0.3932030802587414,보통
11070600,11260590,중랑구,상봉2동,25735.4878375,543.0,86.0,134.99576612232195,0.6370570164554193,-0.44671563514335944,-0.38630534710390074,보통
11120570,11380560,은평구,구산동,21148.624175,111.0,77.0,119.98408538630142,0.6417517769301685,-0.4389501845238355,-0.37959003458516455,보통
11210710,11620715,관악구,난향동,5499.7311291666665,38.0,34.0,53.2258028166062,0.638787922413303,-0.4378088003994267,-0.3786030022189992,보통
11060860,11230610,동대문구,답십리2동,18704.377845833333,186.0,72.0,111.44652780446364,0.6460497372006619,-0.43201835909647013,-0.3735956143833226,보통
11200550,11590550,동작구,상도3동,14827.5305375,147.0,64.0,96.91295380047879,0.6603864343229193,-0.40969158754228463,-0.3542881387625483,보통
11070690,11260680,중랑구,신내1동,30848.700070833333,258.0,100.0,150.50343872426626,0.6644366457513812,-0.40548780570051424,-0.35065284311633027,보통
11220510,11650510,서초구,서초1동,27750.65642916667,388.0,94.0,141.24415374044332,0.6655142709321525,-0.4036680820758738,-0.34907920451685676,보통
11030590,11170590,용산구,용문동,6349.134008333333,121.0,39.0,58.06997961906267,0.6716034731859531,-0.38984338217489034,-0.33712404764811904,보통
11020650,11140650,중구,신당5동,7603.510966666666,256.0,45.0,64.76845876799919,0.6947826280873863,-0.35749897688681553,-0.30915364381913923,보통
11240810,11710646,송파구,장지동,28079.423529166663,144.0,101.0,142.2459072159362,0.7100380037414862,-0.3395899709840009,-0.2936665101768337,보통
11230580,11680580,강남구,삼성1동,60392.49163333333,649.0,162.0,225.08166936483315,0.7197387528587033,-0.32714610205846206,-0.28290545162768976,보통
11220560,11650550,서초구,반포본동,7675.167845833334,26.0,47.0,65.13704771259626,0.7215555762885935,-0.3205280587065924,-0.2771823800961276,보통
11050560,11215750,광진구,중곡2동,15326.323154166666,238.0,72.0,98.8623860981879,0.7282850722264707,-0.31333365807269153,-0.2709608932811616,보통
11160540,11500535,강서구,등촌3동,30315.694770833332,308.0,109.0,148.93816244146228,0.7318473533795656,-0.30974259291503436,-0.26785545536257094,보통
11250750,11740515,강동구,강일동,42290.57493333333,118.0,136.0,181.83544844252657,0.7479289718527355,-0.2886056336618523,-0.24957689124112245,보통
11060800,11230705,동대문구,청량리동,22463.12745,274.0,93.0,124.4101286245766,0.7475275608840446,-0.2882946131979667,-0.2493079307239487,보통
11190620,11560620,영등포구,양평2동,24499.034716666665,293.0,99.0,131.06381533418386,0.7553572261540823,-0.27811506927561247,-0.2405049877801172,보통
11050590,11215780,광진구,능동,15998.373916666666,145.0,77.0,101.44888686803026,0.7590029065589001,-0.2726551828121355,-0.23578345316281088,보통
11160570,11500550,강서구,화곡2동,9642.553554166669,72.0,58.0,74.76917676957669,0.7757207248482103,-0.2501541271187886,-0.21632526221090237,보통
11120600,11380590,은평구,응암2동,16015.368229166668,104.0,80.0,101.51371697918115,0.7880708379184532,-0.23554745913949926,-0.20369388443976175,보통
11210650,11620655,관악구,신원동,13061.015945833336,174.0,71.0,89.78500530483183,0.7907779228719286,-0.2318280131394843,-0.2004774268881722,보통
11150520,11470520,양천구,목2동,17474.356729166666,168.0,85.0,106.98000970553372,0.7945409636245643,-0.2275988184193274,-0.19682015500017144,보통
11010630,11110630,종로구,종로5.6가동,17030.398425,405.0,84.0,105.33687943303819,0.7974415081604741,-0.22396090597040175,-0.19367420504732322,보통
11160660,11500605,강서구,가양3동,8636.833841666667,27.0,56.0,69.95615472578983,0.8005014029073728,-0.219010879377592,-0.18939358088583572,보통
11130740,11410555,서대문구,북아현동,51389.00070833333,100.0,165.0,204.34634944758093,0.8074526432503063,-0.212710274666585,-0.18394502010495117,보통
11030690,11170690,용산구,서빙고동,17851.835404166664,43.0,88.0,108.36386652916303,0.8120788120486391,-0.20604417803114217,-0.17818039363568405,보통
11160650,11500604,강서구,가양2동,14888.175658333334,50.0,79.0,97.15137322560626,0.8131640076414062,-0.20448427704196526,-0.17683144131419587,보통
11220650,11650621,서초구,방배4동,24803.312504166668,253.0,109.0,132.03872542613945,0.825515390641763,-0.19015988866557176,-0.16444416988587898,보통
11130730,11410565,서대문구,충현동,31627.939283333337,342.0,128.0,152.77230100556392,0.8378482169705507,-0.17566053899728828,-0.15190559754647665,보통
11220570,11650560,서초구,반포1동,35697.444675,264.0,139.0,164.27249496694267,0.8461550427414621,-0.16595317373820606,-0.14351097955941952,보통
11020720,11140645,중구,청구동,6704.4549916666665,51.0,51.0,60.017825305603544,0.8497475498373048,-0.15992232102913162,-0.13829569165403013,보통
11210580,11620585,관악구,낙성대동,26281.709966666665,536.0,118.0,136.7083797442301,0.8631511851780271,-0.14601476584940798,-0.12626888419889007,보통
11060830,11230560,동대문구,전농1동,39464.86756666667,433.0,151.0,174.4545667113688,0.8655548710847227,-0.14349960940715611,-0.1240938576137272,보통
11240610,11710580,송파구,송파1동,26817.299483333332,434.0,122.0,138.3737445450789,0.8816701492114011,-0.1249747790530833,-0.10807417874648897,보통
11100520,11320670,도봉구,쌍문2동,14757.410645833334,204.0,86.0,96.63679363422001,0.8899301887593524,-0.11534628768103694,-0.0997477683660428,보통
11070640,11260620,중랑구,묵1동,21119.949754166668,204.0,107.0,119.88631634360237,0.8925122004193597,-0.1127193424830848,-0.09747607045201712,보통
11250540,11740540,강동구,명일2동,16670.845862500002,149.0,94.0,103.99341815256125,0.9039033591731678,-0.10002077233092077,-0.08649475445491601,보통
11040680,11200690,성동구,성수2가3동,55236.135766666666,568.0,194.0,213.3726967683885,0.9092072366249505,-0.09471651536119463,-0.08190780322998126,보통
11110510,11350560,노원구,월계1동,17906.414712499998,275.0,99.0,108.56297456666805,0.9119131121375504,-0.09132930815385443,-0.07897865512545058,보통
11200660,11590650,동작구,사당4동,12316.131783333332,90.0,80.0,86.66347826050415,0.9231108836818871,-0.07905621852377998,-0.06836528103107471,보통
11200520,11590520,동작구,노량진2동,15874.564466666665,211.0,94.0,100.97573437315062,0.9309167255236575,-0.07085799507899537,-0.06127572045982564,보통
11210720,11620725,관악구,조원동,42559.23348333334,312.0,173.0,182.52666341544622,0.9478067300569522,-0.0533046624407163,-0.04609616164388116,보통
11060730,11230730,동대문구,휘경2동,14921.035675,120.0,93.0,97.28039472321717,0.9559994104115657,-0.0445297816876602,-0.038507926336162804,보통
11070700,11260690,중랑구,신내2동,13010.2856625,95.0,86.0,89.57473662612833,0.9600921335549246,-0.040267210323580827,-0.03482179139748445,보통
11070710,11260565,중랑구,면목본동,25087.732154166664,378.0,128.0,132.94564871097276,0.9627994691144445,-0.03762170667408693,-0.03253404473006726,보통
11090720,11305555,강북구,송천동,22429.3855625,320.0,120.0,124.29784759257419,0.965422992627662,-0.03490313812560775,-0.030183113882507003,보통
11100600,11320512,도봉구,창2동,25188.2140375,142.0,131.0,133.26505892968208,0.98300335475875,-0.017013975310306684,-0.01471313990556013,보통
11160580,11500560,강서구,화곡3동,15783.095025,245.0,99.0,100.62521465844513,0.9838488328798936,-0.01612149413787467,-0.013941350825490431,보통
11170640,11530750,구로구,개봉2동,19650.8406875,140.0,113.0,114.80301752887173,0.9842946852122741,-0.015692174512593304,-0.013570088989513701,보통
11210630,11620630,관악구,남현동,22595.15221666667,219.0,123.0,124.84880669659731,0.9851916350222697,-0.014799673981372052,-0.012798283168584251,보통
11200700,11590680,동작구,신대방2동,19534.115416666667,270.0,113.0,114.39265662688943,0.9878256466109375,-0.012142269572355424,-0.010500245106202222,보통
11020710,11140635,중구,약수동,12706.657479166666,111.0,88.0,88.3092528839493,0.9964980692979512,-0.003468728504292251,-0.0029996451062877425,보통
11230800,11680670,강남구,개포2동,29246.820066666667,129.0,146.0,145.76528039398792,1.0016102572943135,0.0015980081488606857,0.0013819061704034407,보통
11220680,11650660,서초구,내곡동,20902.979320833332,81.0,121.0,119.14478208606826,1.0155711218019734,0.015323511824500535,0.013251281326462899,보통
11040580,11200580,성동구,응봉동,7445.977645833334,26.0,65.0,63.95316761901114,1.0163687338714036,0.015988229983395108,0.01382610826086296,보통
11090650,11305635,강북구,수유3동,26876.432654166667,707.0,141.0,138.55678607997115,1.0176333039265122,0.01735547049618713,0.01500845398444422,보통
11200730,11590630,동작구,사당2동,33428.88200416667,366.0,161.0,157.93123711088938,1.019431006463629,0.019124697555401582,0.01653842477446619,보통
11120510,11380510,은평구,녹번동,26899.476745833337,250.0,143.0,138.62807296554664,1.031537097363677,0.030831033723028867,0.026661688660448005,보통
11220620,11650600,서초구,방배1동,22217.076945833334,228.0,129.0,123.58978757087749,1.0437755621678677,0.04250780917172747,0.03675938938524179,보통
11230720,11680720,강남구,일원본동,18471.936033333335,33.0,118.0,110.61178753928404,1.0667940788687826,0.06409682563018304,0.05542887807224297,보통
11140610,11440610,마포구,염리동,16339.736983333334,182.0,111.0,102.74584235935268,1.0803356851343773,0.07655478663204995,0.06620212299681026,보통
11100610,11320513,도봉구,창3동,9317.222983333331,144.0,80.0,73.23547769576726,1.092366739687747,0.08720698270817451,0.07541380035680578,보통
11020580,11140580,중구,장충동,14361.216554166667,127.0,106.0,95.06634658483253,1.1150107667744529,0.10778977144211677,0.09321313559538572,보통
11060870,11230650,동대문구,장안1동,29709.012904166662,550.0,165.0,147.1429223875038,1.1213587260790514,0.1138102887653325,0.09841948579072535,보통
11220580,11650570,서초구,반포2동,28680.7366,46.0,162.0,144.06592974715065,1.1244851595677434,0.11656187381402905,0.10079896824824332,보통
11020570,11140570,중구,필동,13138.493629166667,398.0,102.0,90.10550177192935,1.1320063480493945,0.12271079312066391,0.10611635635869339,보통
11020540,11140540,중구,회현동,35330.525408333335,483.0,185.0,163.25814164122053,1.1331747264804706,0.12430744898505797,0.10749709311688249,보통
11230630,11680630,강남구,대치4동,53425.90884583333,685.0,237.0,209.15821223049917,1.1331135290964252,0.12441003503717152,0.10758580624297898,보통
11170540,11530540,구로구,구로3동,32343.401504166668,828.0,176.0,154.83565407285113,1.1366890982175908,0.12734778017798476,0.11012627397467242,보통
11110580,11350611,노원구,하계1동,19742.326320833337,148.0,131.0,115.12395749599064,1.1379038981053293,0.1281437029222401,0.11081456242441243,보통
11140780,11440555,마포구,아현동,25057.372620833336,223.0,152.0,132.84904066333135,1.1441557969936824,0.13372531870367244,0.11564136464984799,보통
11180590,11545690,금천구,시흥3동,10010.132466666668,105.0,88.0,76.47710320590681,1.150671198450979,0.13865391952900108,0.1199034604951258,보통
11210800,11620595,관악구,청룡동,38600.197291666664,403.0,198.0,172.15368717639785,1.1501351103628623,0.13912525940802922,0.12031106009820092,보통
11210570,11620575,관악구,행운동,21626.935741666664,281.0,141.0,121.60712923293548,1.1594714955396896,0.14684188543960808,0.12698415067996086,보통
11140710,11440710,마포구,연남동,20762.116145833337,645.0,138.0,118.66169180615158,1.162970103489169,0.1498054068252328,0.12954690888106166,보통
11250590,11740590,강동구,암사3동,14387.674433333334,37.0,114.0,95.17176230230311,1.1978342865806244,0.1787963449413832,0.15461734190549134,보통
11250580,11740580,강동구,암사2동,13115.492945833334,112.0,108.0,90.01043636581879,1.1998608645898388,0.18037369694948602,0.15598138530818006,보통
11130760,11410615,서대문구,연희동,34799.473375,373.0,195.0,161.78246914943352,1.2053221898837783,0.18569989481763383,0.16058731031803244,보통
11150660,11470640,양천구,신정3동,31657.77612916667,128.0,185.0,152.85872328713828,1.210267860555696,0.18971187360363206,0.16405674083617663,보통
11230770,11680545,강남구,압구정동,50182.81199166667,933.0,245.0,201.46056860704692,1.2161188747455471,0.19478639127490283,0.16844502088765956,보통
11130640,11410640,서대문구,홍제3동,14144.014991666663,232.0,115.0,94.19796750388178,1.220833135229388,0.19763159928609486,0.17090546547897906,보통
11120680,11380650,은평구,수색동,13170.053270833334,82.0,111.0,90.23583331473759,1.2301099898178824,0.2050511422305723,0.17732164813978707,보통
11160530,11500530,강서구,등촌2동,12959.785716666667,86.0,110.0,89.36509334943685,1.2309056688373412,0.20567214399879674,0.1778586705423029,보통
11140680,11440680,마포구,합정동,22669.89858333333,501.0,155.0,125.0967068832619,1.239041409336565,0.21280687974051027,0.18402856107302662,보통
11080590,11290590,성북구,돈암2동,10814.898070833333,40.0,100.0,80.13024828133533,1.2479681786196701,0.21906465014887466,0.1894400801234488,보통
11030520,11170520,용산구,용산2가동,13417.599016666669,219.0,114.0,91.25377867523889,1.249263336323991,0.22038888503230059,0.1905852359587147,보통
11240540,11710532,송파구,거여2동,14948.929433333333,127.0,123.0,97.38982664151074,1.262965591393438,0.23134415468124025,0.20005900161948525,보통
11180570,11545670,금천구,시흥1동,24047.305783333333,532.0,166.0,129.60739691013393,1.2807910964765357,0.24579795927527393,0.2125581880401223,보통
11170610,11530720,구로구,고척1동,27656.036616666668,270.0,181.0,140.95495975821265,1.2840981282991295,0.24849686459059228,0.214892114754597,보통
11080780,11290780,성북구,장위3동,9645.332658333333,60.0,98.0,74.78218736268435,1.3104724996169492,0.2672565803172118,0.23111491495503447,보통
11030660,11170660,용산구,이태원2동,11302.814720833334,234.0,109.0,82.29163909423194,1.3245574058281229,0.2781321926747511,0.24051979554623742,보통
11240510,11710510,송파구,풍납1동,14118.0830875,86.0,126.0,94.09393196047684,1.339087413765693,0.2893219258780446,0.2501963177653694,보통
11020670,11140670,중구,황학동,11744.557641666666,278.0,113.0,84.21617903980864,1.341784931213578,0.2910071377535326,0.25165363492037574,보통
11040670,11200670,성동구,성수2가1동,21107.96365,385.0,162.0,119.84543231893178,1.351741129097743,0.29923789065678275,0.2587713259235037,보통
11050550,11215740,광진구,중곡1동,14570.730316666668,269.0,132.0,95.8989747979286,1.3764484998733393,0.3166801893817386,0.27385486617405175,보통
11030710,11170555,용산구,청파동,20797.35108333333,373.0,164.0,118.78265392103457,1.3806729735894387,0.32026659068061036,0.2769562709372182,보통
11160700,11500630,강서구,방화1동,28459.683295833336,374.0,199.0,143.398666327239,1.3877395452610242,0.32573937609291104,0.281688960151567,보통
11230780,11680565,강남구,청담동,45981.69693333333,732.0,267.0,191.18309801050586,1.3965669705034691,0.3325384274331178,0.2875685615832763,보통
11130520,11410520,서대문구,천연동,12034.553,166.0,120.0,85.46371860040668,1.404104595086376,0.336065657793279,0.2906187972173172,보통
11240780,11710720,송파구,잠실7동,10614.840883333332,11.0,113.0,79.23267334731297,1.4261793175230808,0.35126761814065244,0.30376496472669307,보통
11190710,11560710,영등포구,대림2동,16972.61827916667,347.0,151.0,105.12176358961345,1.4364294780050622,0.35929337289072905,0.3107053799049174,보통
11120730,11380600,은평구,응암3동,18519.66330416667,409.0,160.0,110.78352946027702,1.4442580118136625,0.36484013658076453,0.31550204316004354,보통
11240750,11710690,송파구,잠실4동,25042.368525,24.0,192.0,132.80127818345707,1.4457692171815049,0.36633448831575066,0.31679431058984564,보통
11070720,11260575,중랑구,면목3.8동,18583.497170833332,370.0,162.0,111.0129500799351,1.4592892080009727,0.37513571048209915,0.3244053251065386,보통
11130700,11410700,서대문구,남가좌2동,19089.221483333335,277.0,166.0,112.81941237014419,1.4713779881726203,0.3833807220547518,0.331535346549435,보통
11230660,11680655,강남구,도곡1동,40373.0973,206.0,260.0,176.8495264284651,1.4701763993988919,0.38358257168991283,0.3317098996369907,보통
11160761,11500641,강서구,방화3동,13351.126450000002,80.0,135.0,90.9811842196063,1.4838232889356886,0.39107084895605215,0.33818552153363163,보통
11210830,11620765,관악구,미성동,17901.01607083333,180.0,162.0,108.54329099221796,1.4924920602565352,0.397430378153925,0.34368503831999453,보통
11170720,11530740,구로구,개봉1동,25635.1678125,239.0,202.0,134.67963418672844,1.4998555737086003,0.4029095031491723,0.34842320980225167,보통
11190630,11560630,영등포구,신길1동,16553.421820833333,179.0,156.0,103.55213518616364,1.5064875264961635,0.40655995705031867,0.3515800052005515,보통
11250660,11740650,강동구,성내2동,24240.609141666664,324.0,197.0,130.2319674231497,1.512685432754829,0.41130052972353504,0.35567950033331175,보통
11050600,11215850,광진구,구의1동,18995.2064875,399.0,172.0,112.48506529262175,1.529091880353667,0.42162034955908556,0.3646037493857155,보통
11060810,11230536,동대문구,용신동,38217.2583625,540.0,262.0,171.12804399471605,1.5310173241277147,0.4239153904939412,0.3665884271431272,보통
11250610,11740600,강동구,천호1동,27142.446808333338,219.0,214.0,139.37820486381915,1.5353907033677956,0.4262977845989928,0.3686486451191443,보통
11050670,11215847,광진구,자양4동,34045.24884166667,400.0,247.0,159.67091426681063,1.5469317072191506,0.434070483786658,0.37537022596701775,보통
11160751,11500603,강서구,가양1동,31434.04065,1300.0,240.0,152.20986969273358,1.5767702875279281,0.45298825467746173,0.3917297072017829,보통
11230590,11680590,강남구,삼성2동,28729.013225,433.0,231.0,144.21137895320678,1.6018153468663114,0.4685469048998545,0.40518432866964527,보통
11050610,11215860,광진구,구의2동,17173.436895833333,229.0,171.0,105.86814762520748,1.615216699600442,0.47589866739956577,0.4115418969767518,보통
11250720,11740570,강동구,암사1동,27588.206133333337,279.0,229.0,140.74739800336016,1.6270283021113678,0.48403272272113007,0.41857596701406047,보통
11110780,11350625,노원구,중계2.3동,27374.155433333333,122.0,228.0,140.09104511280194,1.6275130206674766,0.48431661153721706,0.41882146495281564,보통
11040650,11200650,성동구,성수1가1동,19972.8464375,208.0,190.0,115.92998933235694,1.6389201887640437,0.490698054125426,0.42433993173598644,보통
11040550,11200550,성동구,사근동,22256.931362500003,354.0,203.0,123.72291183308506,1.6407631940789422,0.49202542240535596,0.4254877972320049,보통
11150640,11470620,양천구,신정1동,15371.109258333332,205.0,163.0,99.03616012213395,1.6458634886387375,0.49433470597673335,0.4274847915644643,보통
11240560,11710550,송파구,마천2동,11896.146566666668,202.0,141.0,84.86983730979131,1.6613676244638333,0.5029944275292211,0.43497344089074846,보통
11010700,11110700,종로구,숭인1동,8945.669983333333,43.0,119.0,71.45714651866973,1.6653337811202504,0.5044964381806532,0.43627233150573447,보통
11010720,11110515,종로구,청운효자동,20144.699729166667,203.0,195.0,116.52844433182017,1.673411166845482,0.5114342755230519,0.44227195061878755,보통
11140720,11440720,마포구,성산1동,19359.0533375,179.0,192.0,113.77534374217946,1.6875361012758745,0.5197135038520244,0.44943156161460546,보통
11050620,11215870,광진구,구의3동,30078.401041666668,282.0,252.0,148.23772796719277,1.699972088453564,0.5278489645108682,0.45646684694249906,보통
11230511,11680675,강남구,개포3동,14091.9859625,,161.0,93.98915558548292,1.7129635753943004,0.5338336018794063,0.4616421693043461,보통
11090710,11305545,강북구,송중동,31409.6083375,431.0,261.0,152.13890087037686,1.7155375680173566,0.5369991453881706,0.46437962975507163,보통
11150710,11470550,양천구,목5동,40507.839570833334,153.0,304.0,177.20297264023864,1.7155468414019637,0.5373885802270166,0.46471640050755825,보통
11040690,11200720,성동구,송정동,8468.191941666666,60.0,120.0,69.12737626790485,1.7359258585909154,0.5454772961546732,0.4717112624918616,보통
11190650,11560650,영등포구,신길3동,10898.4693875,133.0,140.0,80.5032092837223,1.7390611038448118,0.5481174931922492,0.4739944201715703,보통
11240820,11710647,송파구,위례동,44946.536666666674,175.0,329.0,188.59320135567336,1.7444955472150314,0.5542119231112386,0.4792646876080347,보통
11150700,11470680,양천구,신정7동,19335.265379166667,119.0,199.0,113.69128765361212,1.750353999035541,0.5560733029819307,0.48087434919243205,보통
11010690,11110690,종로구,창신3동,3465.4136333333336,21.0,71.0,40.18198673266357,1.766960913913317,0.5586651734936323,0.48311571564326145,보통
11040570,11200570,성동구,행당2동,12383.307295833334,52.0,156.0,86.94805837525934,1.7941746246560126,0.5794994108693805,0.5011324955988155,보통
11170730,11530780,구로구,오류2동,44756.90565,183.0,337.0,188.11615660742618,1.7914463386750716,0.5806844839790548,0.5021573087975505,보통
11130680,11410685,서대문구,홍은2동,19196.53507083333,174.0,205.0,113.2002412650019,1.8109502038966043,0.5899227589166465,0.5101462725267074,보통
11230640,11680640,강남구,역삼1동,93444.06762916666,2336.0,544.0,292.2411650707304,1.8614762908857725,0.6197904352195485,0.5359748806023499,보통
11230680,11680660,강남구,개포1동,19925.173220833334,7.0,218.0,115.76360578735196,1.883147976579511,0.6289203022643308,0.5438700966643872,보통
11090600,11305595,강북구,번1동,14732.259,313.0,185.0,96.53760725082047,1.9163516195231542,0.645508654685429,0.5582151715527055,보통
11180520,11545610,금천구,독산1동,35152.553575,442.0,312.0,162.7646034999017,1.9168786903977462,0.6477731383224521,0.5601734243394713,보통
11250530,11740530,강동구,명일1동,22798.27050833333,285.0,241.0,125.52168961756813,1.9199869021383011,0.6485239732591834,0.5608227223000377,보통
11240770,11710710,송파구,잠실6동,64539.87480833333,347.0,449.0,234.20874569191594,1.9170932267005343,0.6487741833669354,0.5610390959725039,보통
11130660,11410660,서대문구,홍은1동,13557.219283333334,126.0,178.0,91.82457075542513,1.9384789772021178,0.6566744300228828,0.567870975778217,보통
11170710,11530530,구로구,구로2동,29487.112758333333,511.0,286.0,146.4826016223802,1.9524503035335479,0.6657720020395042,0.5757382641361805,보통
11110770,11350695,노원구,상계6.7동,44245.7635875,261.0,371.0,186.82621825401912,1.9858026537558457,0.6833766899267824,0.5909622333235772,보통
11220610,11650590,서초구,방배본동,16231.034858333333,215.0,212.0,102.33404424010091,2.0716468461130657,0.7233252771790966,0.6255084897129761,보통
11070680,11260660,중랑구,망우3동,7566.964691666667,91.0,135.0,64.57993155445918,2.0904326893898415,0.7293851580154413,0.6307488802113772,보통
11160590,11500570,강서구,화곡4동,14327.721083333332,269.0,202.0,94.93277846707963,2.1278214254526286,0.7495582571467443,0.6481939290276749,보통
11140600,11440600,마포구,대흥동,26838.31553333333,299.0,296.0,138.43881654605747,2.1381286505112764,0.7561062248181623,0.6538564013593641,보통
11150720,11470650,양천구,신정4동,29653.0823625,487.0,318.0,146.97667513029404,2.163608611489508,0.7681364419119747,0.6642597470776511,보통
11100630,11320515,도봉구,창5동,18376.8582125,230.0,240.0,110.26912396005956,2.1764932138839708,0.7728451264529683,0.6683316663768883,보통
11210690,11620695,관악구,신림동,29290.37811666667,438.0,319.0,145.89548601185953,2.1864967088431317,0.77859964139199,0.6733079862458358,보통
11050650,11215830,광진구,자양2동,23205.073229166668,184.0,281.0,126.86208945864638,2.2150037193861483,0.7909548139635731,0.6839923430341589,보통
11070730,11260655,중랑구,망우본동,38864.391891666666,479.0,388.0,172.85889625581825,2.2446053307304994,0.8053353144530062,0.6964281384173123,보통
11040710,11200535,성동구,왕십리도선동,19726.374020833333,409.0,260.0,115.06803869891617,2.2595327333275295,0.8103438476560818,0.7007593572180033,보통
11240520,11710520,송파구,풍납2동,25941.113045833335,100.0,309.0,135.64218716079154,2.278052326255315,0.8192065608282251,0.7084235471833901,보통
11090700,11305535,강북구,미아동,20535.023125,311.0,272.0,117.88007816394268,2.3074297560416763,0.8313565567128443,0.7189304737565164,보통
11190720,11560720,영등포구,대림3동,22319.532425,315.0,290.0,123.93182156824386,2.3399962683539646,0.8455551061229034,0.731208923684656,보통
11140690,11440690,마포구,망원1동,21647.0345625,432.0,285.0,121.67501078992514,2.342305113841818,0.8464531408885181,0.7319855153339068,보통
11150530,11470530,양천구,목3동,17455.790479166666,185.0,251.0,106.91163478149159,2.347733251979539,0.8481163917602954,0.7334238413175868,보통
11230760,11680700,강남구,세곡동,40036.58950833333,173.0,421.0,175.96473534214974,2.3925248384649245,0.869054836667269,0.7515307366023434,보통
11020680,11140680,중구,중림동,8046.948216666667,173.0,162.0,67.02752892957301,2.4169173858433037,0.8738377403555218,0.7556668382385936,보통
11090740,11305645,강북구,우이동,18808.276029166667,256.0,277.0,111.81828824557793,2.477233414552422,0.9018426579316161,0.7798845923393145,보통
11040660,11200660,성동구,성수1가2동,24511.9759125,502.0,329.0,131.10537837274595,2.5094317569842137,0.9154927293572248,0.7916887361060098,보통
11120660,11380632,은평구,신사2동,11953.406466666667,70.0,216.0,85.11586777958401,2.53771718053035,0.9242036643182816,0.7992216731446935,보통
11190660,11560660,영등포구,신길4동,6688.6222708333335,83.0,153.0,59.93193315244428,2.5528961265244954,0.9271952112243254,0.8018086669165725,보통
11030570,11170570,용산구,원효로2동,12397.217595833334,80.0,222.0,87.00690947617309,2.551521497965571,0.9297564432894987,0.8040235382219677,보통
11230520,11680521,강남구,논현1동,36950.27425833333,828.0,431.0,167.7046321383258,2.5699946060196086,0.940276141224893,0.8131206354414472,보통
11120710,11380690,은평구,진관동,57353.38506666667,315.0,562.0,218.23178943570412,2.5752435126577997,0.9431500587829893,0.8156059071277004,보통
11020730,11140665,중구,동화동,12383.2269375,93.0,229.0,86.94771832108526,2.6337666407108733,0.9613367809859268,0.8313332009150184,보통
11180550,11545640,금천구,독산4동,10775.6950875,204.0,214.0,79.95489257213757,2.6765091305316075,0.9767459103969598,0.8446585215830261,보통
11170560,11530560,구로구,구로5동,34962.0841,537.0,433.0,162.23528791209276,2.6689631187674854,0.9778518899920954,0.8456149372483331,보통
11240640,11710610,송파구,삼전동,25557.079766666666,321.0,362.0,134.43321427870842,2.692786912388315,0.9859241990040877,0.8525956110584336,보통
11210680,11620685,관악구,신사동,16118.7191625,226.0,278.0,101.90738442818419,2.7279671788251143,0.9973823784057352,0.8625042769360264,보통
11210520,11620525,관악구,보라매동,17141.894425000002,247.0,290.0,105.75114789951982,2.7422870177782417,1.0028228619634794,0.8672090325430536,보통
11170670,11530770,구로구,오류1동,20311.130120833335,186.0,321.0,117.10605151399463,2.7411051423046167,1.0029685830611736,0.8673350474724552,보통
11090610,11305603,강북구,번2동,9520.743608333332,43.0,207.0,74.19741659353265,2.7898545462032023,1.0174212031450356,0.8798332095667041,보통
11070610,11260600,중랑구,중화1동,11160.525933333332,78.0,230.0,81.66528650081416,2.816374127306919,1.0276179487189605,0.888651027946849,보통
11180540,11545630,금천구,독산3동,13968.207116666666,324.0,265.0,93.4911287459552,2.8344935348902287,1.0349903543927796,0.8950264478085279,보통
11100560,11320700,도봉구,방학2동,9792.198604166666,138.0,216.0,75.4676116013802,2.8621549750495836,1.043030080117374,0.901978944637216,보통
11070540,11260540,중랑구,면목4동,13113.44005,91.0,259.0,90.00194815419309,2.877715486294543,1.0498007164399956,0.9078339736734959,보통
11160630,11500593,강서구,화곡8동,72094.80996666667,237.0,724.0,250.24690396227663,2.893142686429156,1.0597355180955148,0.9164252713582347,보통
11250630,11740620,강동구,천호3동,26740.505891666664,357.0,402.0,138.13579310477573,2.9101798380024775,1.0634861768890431,0.9196687207321015,보통
11050570,11215760,광진구,중곡3동,12180.768733333332,200.0,256.0,86.0881183166304,2.973697241917137,1.0821556246172328,0.9358134600640077,보통
11230510,11680510,강남구,신사동,42796.05753333333,787.0,558.0,183.13451248274743,3.046940701865617,1.1104829365282676,0.9603100104406268,보통
11090750,11305660,강북구,인수동,23497.874775,182.0,393.0,127.82098978394862,3.074612398670001,1.1179271447438053,0.9667475228363909,보통
11190730,11560515,영등포구,영등포본동,19692.3009375,240.0,354.0,114.94853852192264,3.0796389806425086,1.1189713302351771,0.9676505009436063,보통
11210820,11620745,관악구,삼성동,16240.2188125,76.0,316.0,102.36887898321528,3.0868756514547,1.1205978340571008,0.9690570492577086,보통
11150630,11470611,양천구,신월7동,14129.780416666666,124.0,297.0,94.14086972773559,3.1548465704529014,1.1417348539860255,0.9873356658495924,보통
11150650,11470630,양천구,신정2동,13044.106675,158.0,285.0,89.71495588695304,3.1767278619533563,1.1482695732795722,0.9929866814092112,보통
11090690,11305534,강북구,삼양동,17990.9144625,125.0,349.0,108.87075079122691,3.2056360176044945,1.1586284723433309,1.0019447249241988,공급여유
11180530,11545620,금천구,독산2동,10611.648020833332,183.0,255.0,79.2182931263886,3.2189534757225955,1.1604258617712953,1.0034990496270444,공급여유
11150690,11470670,양천구,신정6동,17037.572670833335,41.0,341.0,105.36356859772671,3.236412780416753,1.1679476191847664,1.0100036240807901,공급여유
11040700,11200790,성동구,용답동,16008.8116,201.0,330.0,101.48870796520447,3.251593271964216,1.172365749060468,1.013824281028773,공급여유
11230710,11680690,강남구,개포4동,14631.462433333334,170.0,318.0,96.13942402265592,3.3076961218850354,1.189043795237759,1.0282469201993623,공급여유
11030740,11170685,용산구,한남동,36499.04374583333,566.0,551.0,166.47398213852458,3.3098265141606795,1.1927200375932792,1.031426016625507,공급여유
11040540,11200540,성동구,마장동,16724.897258333334,174.0,353.0,104.19612257467166,3.387841997162843,1.2134704711646371,1.0493703257401128,공급여유
11080820,11290555,성북구,삼선동,25463.34963333333,411.0,456.0,134.1370310006201,3.399508671083468,1.2183940828160145,1.0536281071078495,공급여유
11240680,11710641,송파구,문정1동,19294.81105,185.0,396.0,113.54824398139483,3.487504395619589,1.2429402016180218,1.0748548030143403,공급여유
11190700,11560700,영등포구,대림1동,15228.942229166663,189.0,353.0,98.48382983364344,3.584344766001477,1.2693017964108355,1.0976514643028628,공급여유
11160610,11500591,강서구,화곡6동,18837.586291666667,430.0,406.0,111.92301377202826,3.6274934556977354,1.2821068929693586,1.1087249009179743,공급여유
11120720,11380530,은평구,불광2동,15937.3187625,219.0,371.0,101.21574299119821,3.665437698088749,1.291808147356873,1.1171142344193845,공급여유
11210810,11620775,관악구,난곡동,14541.084145833333,91.0,354.0,95.781453274205,3.695913852826621,1.2996624119571774,1.1239063504188451,공급여유
11090630,11305615,강북구,수유1동,13578.2944875,213.0,341.0,91.91052312288413,3.7101301180070956,1.3031738239991864,1.1269429068789247,공급여유
11190740,11560535,영등포구,영등포동,76912.4525,923.0,962.0,260.1202022698129,3.6982902196967906,1.3050725653987065,1.1285848775145995,공급여유
11190610,11560610,영등포구,양평1동,16980.705695833334,271.0,392.0,105.15189088363338,3.7279405696451797,1.3089386105613325,1.1319281093179554,공급여유
11100620,11320514,도봉구,창4동,28199.059679166665,185.0,534.0,142.609261090558,3.7444973483237236,1.315170600087339,1.137317333888569,공급여유
11170620,11530730,구로구,고척2동,12457.717745833334,201.0,330.0,87.26256112951405,3.7816905180013904,1.3218023539472261,1.143052261827523,공급여유
11060820,11230545,동대문구,제기동,28659.9615625,484.0,548.0,144.00330767107693,3.8054681441880924,1.3313418878244665,1.1513017446209204,공급여유
11070520,11260520,중랑구,면목2동,16981.497366666666,261.0,405.0,105.15483970905856,3.851463243351901,1.3414543793777316,1.1600467028275336,공급여유
11140740,11440740,마포구,상암동,46062.92213333333,654.0,746.0,191.38531550036996,3.8978957087152173,1.3565649725770914,1.1731138589590875,공급여유
11160550,11500590,강서구,화곡본동,22052.575066666668,263.0,482.0,123.03928365114797,3.9174480352682295,1.3594183345809219,1.175581354861596,공급여유
11220630,11650610,서초구,방배2동,22880.18785,322.0,504.0,125.79237642338134,4.006602103641634,1.382007511923681,1.1951157505882775,공급여유
11100650,11320522,도봉구,도봉2동,17549.195187499998,152.0,431.0,107.2553241618759,4.018448532676196,1.3839330386275757,1.1967808842956908,공급여유
11020590,11140590,중구,광희동,29342.44235,553.0,625.0,146.05101606904466,4.279326613548072,1.4485707964398813,1.2526775431616544,공급여유
11170700,11530595,구로구,가리봉동,10154.884004166666,184.0,337.0,77.14270318038369,4.36852723726817,1.464509212387605,1.2664605738428971,공급여유
11160730,11500540,강서구,화곡1동,60091.69858333334,597.0,984.0,224.4100194702689,4.384830955065114,1.4747205886010937,1.2752910443306702,공급여유
11150570,11470560,양천구,신월1동,12900.967245833332,262.0,411.0,89.12050031394138,4.611733535518607,1.519875682159289,1.3143397203075244,공급여유
11230790,11680610,강남구,대치2동,56779.744804166665,429.0,999.0,216.92254865908978,4.60533036411076,1.523615560700752,1.3175738472653211,공급여유
11230750,11680750,강남구,수서동,21779.737383333333,164.0,568.0,122.12256242899619,4.651065197966537,1.530700132361047,1.3237003575080941,공급여유
11030730,11170625,용산구,한강로동,85887.57764166666,927.0,1351.0,277.8708156936966,4.861971548279609,1.578591608198738,1.3651153690754865,공급여유
11240550,11710540,송파구,마천1동,9751.1719875,119.0,376.0,75.2765607669225,4.9949147007951415,1.5978794946892076,1.3817949144046093,공급여유
11180510,11545510,금천구,가산동,44423.985245833326,1147.0,933.0,187.2766659098301,4.981934057119644,1.601563930001035,1.3849810958364739,공급여유
11220670,11650652,서초구,양재2동,40114.4114375,561.0,904.0,176.16962141563064,5.1314181908084215,1.6308273569322704,1.4102871684445943,공급여유
11220660,11650651,서초구,양재1동,51469.80710416666,477.0,1069.0,204.53869328630412,5.226394980942122,1.6497796227458865,1.426676479781738,공급여유
11070620,11260610,중랑구,중화2동,24449.788966666663,343.0,689.0,130.90557233875853,5.263335912217702,1.6546052920677674,1.4308495637656902,공급여유
11020700,11140625,중구,다산동,12780.999095833336,169.0,470.0,88.62021878881681,5.3035301246549205,1.6592771433668592,1.4348896308592323,공급여유
11150610,11470600,양천구,신월5동,9948.419841666668,121.0,430.0,76.19215335112578,5.643625768369841,1.7198102787682243,1.4872367439729413,공급여유
11150590,11470580,양천구,신월3동,11560.282129166668,84.0,475.0,83.4169654317155,5.694285299659233,1.7296494606056418,1.495745352707225,공급여유
11140590,11440590,마포구,용강동,20128.9696875,355.0,690.0,116.47375266922747,5.924081470608433,1.7719248966753183,1.5323037932901793,공급여유
11190550,11560550,영등포구,당산1동,24361.168625,549.0,781.0,130.62048085343014,5.979154225257858,1.7819321041777867,1.540957705228008,공급여유
11010610,11110615,종로구,종로1.2.3.4가동,79586.78765416666,2047.0,1595.0,265.4930320217981,6.007690626957937,1.789907681005344,1.5478547281489419,공급여유
11160710,11500640,강서구,방화2동,24065.513425,259.0,804.0,129.66631282801987,6.2005310590297125,1.8181954342487048,1.5723170694591113,공급여유
11230730,11680730,강남구,일원1동,12637.234591666667,145.0,572.0,88.01819720611812,6.498656166071082,1.8620449048922172,1.6102366846340497,공급여유
11220600,11650581,서초구,반포4동,58458.323937500005,428.0,1524.0,220.73881349697857,6.904087123857175,1.928249515586618,1.6674883075954254,공급여유
11150510,11470510,양천구,목1동,48495.88036666667,500.0,1412.0,197.3771561394948,7.153816721333648,1.9633003348888565,1.6977991314207028,공급여유
11070550,11260550,중랑구,면목5동,11167.5630625,76.0,634.0,81.69633938155044,7.760445630727694,2.038449661669194,1.7627858578360125,공급여유
11170550,11530550,구로구,구로4동,15278.169104166664,419.0,775.0,98.67531506721748,7.854041301738648,2.052234465975549,1.7747065142746816,공급여유
11180600,11545700,금천구,시흥4동,8753.652929166667,76.0,616.0,70.52642428660803,8.734314921406977,2.1548020720376906,1.8634036888178025,공급여유
11010530,11110530,종로구,사직동,30805.292066666665,794.0,1306.0,150.376373418841,8.684874959462004,2.1557204388352886,1.8641978629559004,공급여유
11250730,11740610,강동구,천호2동,47243.582875,557.0,1904.0,194.3085920324302,9.79884615540944,2.277656456624217,1.9696442184686251,공급여유
11020600,11140605,중구,을지로동,17047.65024583333,630.0,1122.0,105.40105087086144,10.64505515580378,2.3565435012738316,2.037863203361756,공급여유
11020690,11140615,중구,신당동,19183.038975,288.0,1252.0,113.15239439906574,11.064723876584067,2.3957616062395477,2.07177776210935,공급여유
11100640,11320521,도봉구,도봉1동,17391.639112499997,331.0,1413.0,106.67515458164995,13.245820974353306,2.575058979885612,2.2268283775616893,공급여유
