adm_cd,admi_cd,sgg_nm,admi_nm,등급,종합점수,appeal,parking_pct,z_residual,supply_ratio,parking_slots,expected_slots,slots_per_1k,living_pop,store_food,store_cafe,facility_cnt
11010570,11110570,종로구,무악동,공영주차 없음,,4.018912529550828,,,,0.0,,0.0,5371.064570833333,24.0,19.0,42.0
11010680,11110680,종로구,창신2동,공영주차 없음,,10.520094562647754,,,,0.0,,0.0,6297.837545833333,113.0,19.0,38.0
11030530,11170530,용산구,남영동,공영주차 없음,,79.66903073286052,,,,0.0,,0.0,21326.262191666665,443.0,115.0,147.0
11030580,11170580,용산구,효창동,공영주차 없음,,13.6327817178881,,,,0.0,,0.0,9558.666279166666,33.0,33.0,66.0
11030640,11170640,용산구,이촌2동,공영주차 없음,,1.103230890464933,,,,0.0,,0.0,8240.083566666666,22.0,9.0,26.0
11030700,11170700,용산구,보광동,공영주차 없음,,16.863672182821116,,,,0.0,,0.0,6277.987012500001,120.0,23.0,70.0
11030720,11170560,용산구,원효로1동,공영주차 없음,,54.17651694247439,,,,0.0,,0.0,17712.271637499998,250.0,80.0,94.0
11040520,11200520,성동구,왕십리2동,공영주차 없음,,17.02127659574468,,,,0.0,,0.0,13317.7122875,110.0,30.0,63.0
11040560,11200560,성동구,행당1동,공영주차 없음,,63.829787234042556,,,,0.0,,0.0,47848.997112499994,281.0,77.0,130.0
11040620,11200620,성동구,금호4가동,공영주차 없음,,21.670606776989757,,,,0.0,,0.0,11588.5823,109.0,27.0,84.0
11050630,11215810,광진구,광장동,공영주차 없음,,56.14657210401892,,,,0.0,,0.0,33943.592958333335,166.0,74.0,139.0
11060710,11230710,동대문구,회기동,공영주차 없음,,64.26319936958235,,,,0.0,,0.0,15483.66435,407.0,122.0,84.0
11060840,11230570,동대문구,전농2동,공영주차 없음,,27.22616233254531,,,,0.0,,0.0,12364.953579166666,120.0,27.0,102.0
11060900,11230750,동대문구,이문2동,공영주차 없음,,13.987391646966117,,,,0.0,,0.0,9945.435866666669,74.0,26.0,71.0
11080580,11290580,성북구,돈암1동,공영주차 없음,,2.2458628841607564,,,,0.0,,0.0,9076.333545833331,31.0,8.0,42.0
11080610,11290610,성북구,보문동,공영주차 없음,,29.62962962962963,,,,0.0,,0.0,12410.64065,143.0,44.0,77.0
11080620,11290620,성북구,정릉1동,공영주차 없음,,14.657210401891254,,,,0.0,,0.0,12211.793124999998,90.0,28.0,63.0
11080650,11290650,성북구,정릉4동,공영주차 없음,,37.78565799842396,,,,0.0,,0.0,14357.3893125,131.0,32.0,133.0
11080660,11290660,성북구,길음1동,공영주차 없음,,41.843971631205676,,,,0.0,,0.0,30723.832816666665,138.0,42.0,129.0
11080680,11290685,성북구,길음2동,공영주차 없음,,44.56264775413712,,,,0.0,,0.0,20350.0535375,154.0,56.0,112.0
11080710,11290715,성북구,월곡1동,공영주차 없음,,40.97714736012608,,,,0.0,,0.0,23149.0906125,158.0,47.0,108.0
11080720,11290725,성북구,월곡2동,공영주차 없음,,64.8936170212766,,,,0.0,,0.0,22190.290900000004,285.0,73.0,135.0
11080830,11290575,성북구,동선동,공영주차 없음,,84.04255319148936,,,,0.0,,0.0,26231.7666375,535.0,178.0,146.0
11080840,11290705,성북구,종암동,공영주차 없음,,70.2521670606777,,,,0.0,,0.0,34123.37979583333,268.0,73.0,189.0
11090620,11305608,강북구,번3동,공영주차 없음,,21.11899133175729,,,,0.0,,0.0,12339.781404166666,73.0,25.0,95.0
11090730,11305575,강북구,삼각산동,공영주차 없음,,33.64854215918046,,,,0.0,,0.0,15763.340941666667,119.0,34.0,114.0
11100570,11320710,도봉구,방학3동,공영주차 없음,,25.05910165484634,,,,0.0,,0.0,15133.644725,73.0,25.0,112.0
11110520,11350570,노원구,월계2동,공영주차 없음,,31.28447596532703,,,,0.0,,0.0,15297.441270833331,73.0,27.0,136.0
11110530,11350580,노원구,월계3동,공영주차 없음,,38.297872340425535,,,,0.0,,0.0,21823.629741666668,80.0,42.0,135.0
11110560,11350600,노원구,공릉2동,공영주차 없음,,85.46099290780141,,,,0.0,,0.0,40580.733920833336,357.0,127.0,271.0
11110590,11350612,노원구,하계2동,공영주차 없음,,5.752561071710008,,,,0.0,,0.0,16460.286829166667,29.0,5.0,67.0
11120520,11380520,은평구,불광1동,공영주차 없음,,63.711583924349874,,,,0.0,,0.0,23536.749645833333,237.0,54.0,198.0
11120560,11380552,은평구,갈현2동,공영주차 없음,,61.38691883372735,,,,0.0,,0.0,20419.569933333332,309.0,70.0,121.0
11120580,11380570,은평구,대조동,공영주차 없음,,85.85500394011031,,,,0.0,,0.0,51801.703558333335,466.0,114.0,205.0
11120590,11380580,은평구,응암1동,공영주차 없음,,64.06619385342789,,,,0.0,,0.0,20946.323566666662,271.0,78.0,133.0
11120650,11380631,은평구,신사1동,공영주차 없음,,39.08589440504334,,,,0.0,,0.0,18383.780958333333,155.0,52.0,94.0
11120670,11380640,은평구,증산동,공영주차 없음,,22.10401891252955,,,,0.0,,0.0,11641.863908333333,108.0,29.0,83.0
11130710,11410710,서대문구,북가좌1동,공영주차 없음,,7.052797478329393,,,,0.0,,0.0,12510.217891666667,69.0,13.0,60.0
11140760,11440655,마포구,서강동,공영주차 없음,,80.77226162332545,,,,0.0,,0.0,26234.7105375,394.0,149.0,156.0
11160510,11500510,강서구,염창동,공영주차 없음,,64.18439716312058,,,,0.0,,0.0,26401.9924875,190.0,97.0,147.0
11160520,11500520,강서구,등촌1동,공영주차 없음,,60.16548463356975,,,,0.0,,0.0,17770.2973875,311.0,93.0,95.0
11170520,11530520,구로구,구로1동,공영주차 없음,,18.360914105594954,,,,0.0,,0.0,13130.453220833331,64.0,25.0,88.0
11170650,11530760,구로구,개봉3동,공영주차 없음,,31.757289204097713,,,,0.0,,0.0,18553.928591666667,175.0,36.0,81.0
11180580,11545680,금천구,시흥2동,공영주차 없음,,8.944050433412135,,,,0.0,,0.0,10589.262354166667,23.0,15.0,76.0
11190680,11560680,영등포구,신길6동,공영주차 없음,,49.05437352245863,,,,0.0,,0.0,16871.876754166668,172.0,59.0,123.0
11200530,11590530,동작구,상도1동,공영주차 없음,,80.73286052009456,,,,0.0,,0.0,34853.0827375,361.0,105.0,201.0
11200540,11590540,동작구,상도2동,공영주차 없음,,56.38297872340426,,,,0.0,,0.0,17476.898908333333,168.0,66.0,154.0
11200650,11590640,동작구,사당3동,공영주차 없음,,28.80220646178093,,,,0.0,,0.0,14252.6903125,113.0,39.0,88.0
11200670,11590651,동작구,사당5동,공영주차 없음,,8.747044917257684,,,,0.0,,0.0,9050.317383333331,50.0,22.0,61.0
11210540,11620545,관악구,청림동,공영주차 없음,,6.77698975571316,,,,0.0,,0.0,9088.535704166668,73.0,14.0,50.0
11210790,11620565,관악구,성현동,공영주차 없음,,23.837667454688727,,,,0.0,,0.0,17452.60540416667,67.0,28.0,104.0
11220520,11650520,서초구,서초2동,공영주차 없음,,90.97714736012608,,,,0.0,,0.0,41315.05451666666,541.0,166.0,217.0
11220540,11650531,서초구,서초4동,공영주차 없음,,87.39164696611505,,,,0.0,,0.0,41412.464283333335,452.0,114.0,257.0
11220590,11650580,서초구,반포3동,공영주차 없음,,30.338849487785655,,,,0.0,,0.0,28883.715908333335,117.0,30.0,109.0
11240530,11710531,송파구,거여1동,공영주차 없음,,12.962962962962962,,,,0.0,,0.0,12027.654683333334,128.0,19.0,48.0
11240600,11710570,송파구,오금동,공영주차 없음,,68.1639085894405,,,,0.0,,0.0,33849.82319166666,246.0,114.0,134.0
11240620,11710590,송파구,송파2동,공영주차 없음,,33.096926713947994,,,,0.0,,0.0,16784.469333333334,143.0,52.0,79.0
11240660,11710631,송파구,가락1동,공영주차 없음,,29.03861308116627,,,,0.0,,0.0,27333.088804166666,139.0,39.0,82.0
11240670,11710632,송파구,가락2동,공영주차 없음,,60.91410559495666,,,,0.0,,0.0,19666.792145833333,223.0,70.0,143.0
11240690,11710642,송파구,문정2동,공영주차 없음,,88.96769109535065,,,,0.0,,0.0,43863.16950416667,821.0,267.0,149.0
11240790,11710670,송파구,잠실2동,공영주차 없음,,31.36327817178881,,,,0.0,,0.0,44871.769316666665,89.0,51.0,91.0
11250550,11740550,강동구,고덕1동,공영주차 없음,,23.483057525610718,,,,0.0,,0.0,22381.346329166667,73.0,33.0,92.0
11250700,11740690,강동구,둔촌1동,공영주차 없음,,4.21591804570528,,,,0.0,,0.0,23386.851908333338,30.0,21.0,14.0
11250710,11740700,강동구,둔촌2동,공영주차 없음,,55.319148936170215,,,,0.0,,0.0,22666.428750000003,185.0,70.0,129.0
11250740,11740685,강동구,길동,공영주차 없음,,90.54373522458629,,,,0.0,,0.0,60241.323262499995,663.0,115.0,242.0
11250760,11740520,강동구,상일1동 외 1개 통합,공영주차 없음,,48.7785657998424,,,,0.0,,0.0,37731.3723,178.0,69.0,105.0
11230510,11680510,강남구,신사동,그 외,89.68783730986485,95.9022852639874,83.4733893557423,0.9603100104406268,3.046940701865617,558.0,183.13451248274745,13.038584209897852,42796.05753333333,787.0,257.0,260.0
11230520,11680521,강남구,논현1동,그 외,87.44478879022058,96.17809298660363,78.71148459383754,0.8131206354414472,2.5699946060196086,431.0,167.7046321383258,11.664324789221215,36950.27425833333,828.0,207.0,300.0
11230640,11680640,강남구,역삼1동,그 외,84.95490394739456,99.88179669030733,70.02801120448179,0.5359748806023499,1.8614762908857725,544.0,292.2411650707304,5.821664379582311,93444.06762916666,2336.0,627.0,542.0
11170560,11530560,구로구,구로5동,그 외,82.29185291137732,84.7517730496454,79.83193277310924,0.8456149372483331,2.668963118767486,433.0,162.23528791209276,12.384845215791929,34962.0841,537.0,124.0,167.0
11070730,11260655,중랑구,망우본동,그 외,81.3468886372516,87.90386130811663,74.78991596638656,0.6964281384173123,2.2446053307304994,388.0,172.85889625581825,9.98343164821769,38864.391891666666,479.0,121.0,238.0
11120710,11380690,은평구,진관동,그 외,81.20186608922529,83.41213553979512,78.99159663865547,0.8156059071277004,2.5752435126577997,562.0,218.23178943570412,9.798898519184876,57353.38506666667,315.0,134.0,242.0
11160751,11500603,강서구,가양1동,그 외,80.80768950606247,98.02994483845548,63.58543417366946,0.3917297072017829,1.576770287527928,240.0,152.20986969273358,7.635034982370299,31434.04065,1300.0,372.0,279.0
11180520,11545610,금천구,독산1동,그 외,78.12526902013761,85.38219070133964,70.86834733893558,0.5601734243394713,1.9168786903977464,312.0,162.7646034999017,8.875599871694387,35152.553575,442.0,110.0,217.0
11150720,11470650,양천구,신정4동,그 외,77.39816966975917,81.12687155240347,73.66946778711485,0.6642597470776511,2.163608611489508,318.0,146.97667513029404,10.724011625926297,29653.0823625,487.0,107.0,161.0
11210690,11620695,관악구,신림동,그 외,77.26457013065274,80.29944838455476,74.2296918767507,0.6733079862458358,2.1864967088431317,319.0,145.89548601185953,10.890948513173484,29290.37811666667,438.0,100.0,168.0
11040710,11200535,성동구,왕십리도선동,그 외,77.09372164941627,79.11741528762805,75.07002801120449,0.7007593572180033,2.2595327333275295,260.0,115.06803869891615,13.180323952359917,19726.374020833333,409.0,92.0,189.0
11140600,11440600,마포구,대흥동,그 외,76.74589930534862,80.10244286840032,73.38935574229691,0.6538564013593641,2.1381286505112764,296.0,138.43881654605747,11.029008122077052,26838.31553333333,299.0,114.0,209.0
11230780,11680565,강남구,청담동,그 외,76.49393090569562,94.44444444444446,58.543417366946784,0.2875685615832763,1.3965669705034691,267.0,191.18309801050583,5.806658253328723,45981.69693333333,732.0,171.0,288.0
11060810,11230536,동대문구,용신동,그 외,76.30950725443842,89.87391646966115,62.745098039215684,0.3665884271431272,1.5310173241277147,262.0,171.12804399471605,6.855541481151426,38217.2583625,540.0,141.0,231.0
11230770,11680545,강남구,압구정동,그 외,75.686870492878,97.8723404255319,53.50140056022409,0.1684450208876595,1.2161188747455471,245.0,201.46056860704692,4.882149689831741,50182.81199166667,933.0,276.0,313.0
11170710,11530530,구로구,구로2동,그 외,74.92268775122342,77.85657998423956,71.98879551820728,0.5757382641361805,1.952450303533548,286.0,146.4826016223802,9.699152383753605,29487.112758333333,511.0,68.0,197.0
11230590,11680590,강남구,삼성2동,그 외,74.64356901152895,85.42159180457053,63.86554621848739,0.4051843286696452,1.6018153468663114,231.0,144.21137895320678,8.040652081951206,28729.013225,433.0,164.0,177.0
11140690,11440690,마포구,망원1동,그 외,74.30485196442643,72.41922773837668,76.19047619047619,0.7319855153339068,2.342305113841818,285.0,121.67501078992514,13.165775625161912,21647.0345625,432.0,223.0,95.0
11240770,11710710,송파구,잠실6동,그 외,74.28796577732749,77.14736012608353,71.42857142857143,0.5610390959725039,1.9170932267005345,449.0,234.2087456919159,6.956939432148164,64539.87480833333,347.0,149.0,144.0
11090710,11305545,강북구,송중동,그 외,73.72376846719776,80.22064617809299,67.22689075630252,0.4643796297550716,1.7155375680173566,261.0,152.13890087037686,8.309559202251863,31409.6083375,431.0,80.0,212.0
11040660,11200660,성동구,성수1가2동,그 외,73.42908794723563,69.26713947990542,77.59103641456583,0.7916887361060098,2.5094317569842137,329.0,131.10537837274595,13.422010578601494,24511.9759125,502.0,258.0,79.0
11240640,11710610,송파구,삼전동,그 외,72.58163312606366,65.05122143420016,80.11204481792717,0.8525956110584336,2.692786912388315,362.0,134.43321427870842,14.16437258501442,25557.079766666666,321.0,89.0,118.0
11090750,11305660,강북구,인수동,그 외,72.43230625583567,61.111111111111114,83.75350140056022,0.9667475228363908,3.074612398670001,393.0,127.82098978394862,16.724916774946937,23497.874775,182.0,68.0,175.0
11110770,11350695,노원구,상계6.7동,그 외,72.04855937646926,71.82821118991332,72.26890756302521,0.5909622333235772,1.9858026537558455,371.0,186.82621825401912,8.384983553652859,44245.7635875,261.0,69.0,253.0
11250630,11740620,강동구,천호3동,그 외,71.40142108852997,59.889676910953504,82.91316526610645,0.9196687207321016,2.9101798380024775,402.0,138.13579310477573,15.033373026995656,26740.505891666664,357.0,60.0,115.0
11170540,11530540,구로구,구로3동,그 외,70.91536378144639,91.4105594956659,50.42016806722689,0.1101262739746724,1.1366890982175908,176.0,154.83565407285113,5.4416045256503605,32343.401504166668,828.0,184.0,187.0
11250530,11740530,강동구,명일1동,그 외,70.6609121189847,70.1733648542159,71.1484593837535,0.5608227223000377,1.9199869021383011,241.0,125.52168961756811,10.570977298997684,22798.27050833333,285.0,88.0,151.0
11180570,11545670,금천구,시흥1동,그 외,70.54254325843813,85.34278959810875,55.74229691876751,0.2125581880401223,1.2807910964765357,166.0,129.60739691013393,6.903060222033314,24047.305783333333,532.0,98.0,223.0
11130760,11410615,서대문구,연희동,그 외,69.9694062021972,86.99763593380617,52.94117647058824,0.1605873103180324,1.2053221898837785,195.0,161.78246914943352,5.6035330735806,34799.473375,373.0,220.0,201.0
11020540,11140540,중구,회현동,그 외,69.94573243008787,90.0315208825847,49.85994397759104,0.1074970931168824,1.1331747264804706,185.0,163.25814164122053,5.236265180374715,35330.525408333335,483.0,181.0,211.0
11160700,11500630,강서구,방화1동,그 외,69.85269285018973,81.44208037825058,58.26330532212886,0.281688960151567,1.3877395452610242,199.0,143.398666327239,6.992347663585377,28459.683295833336,374.0,107.0,200.0
11090700,11305535,강북구,미아동,그 외,69.4542119448252,63.278171788810084,75.63025210084034,0.7189304737565164,2.3074297560416763,272.0,117.88007816394268,13.245663194255595,20535.023125,311.0,59.0,144.0
11090740,11305645,강북구,우이동,그 외,69.30952049850674,61.30811662726557,77.31092436974791,0.7798845923393145,2.477233414552422,277.0,111.81828824557792,14.727559270740509,18808.276029166667,256.0,71.0,132.0
11230760,11680700,강남구,세곡동,그 외,69.10821066015059,61.46572104018912,76.75070028011206,0.7515307366023434,2.3925248384649245,421.0,175.96473534214974,10.515381184313211,40036.58950833333,173.0,68.0,191.0
11230630,11680630,강남구,대치4동,그 외,69.0219586652628,87.90386130811663,50.14005602240896,0.1075858062429789,1.1331135290964252,237.0,209.15821223049915,4.436049945053646,53425.90884583333,685.0,178.0,159.0
11180540,11545630,금천구,독산3동,그 외,68.2604247372708,54.72813238770686,81.79271708683473,0.8950264478085279,2.8344935348902287,265.0,93.4911287459552,18.97165454282288,13968.207116666666,324.0,45.0,119.0
11050620,11215870,광진구,구의3동,그 외,68.02815688923323,69.10953506698188,66.94677871148458,0.456466846942499,1.699972088453564,252.0,148.23772796719277,8.378104928214512,30078.401041666668,282.0,106.0,133.0
11060870,11230650,동대문구,장안1동,그 외,67.37820423677745,85.73680063041765,49.01960784313725,0.0984194857907253,1.1213587260790514,165.0,147.1429223875038,5.553870151534348,29709.012904166662,550.0,109.0,192.0
11040550,11200550,성동구,사근동,그 외,67.34542516770301,69.424743892829,65.26610644257703,0.4254877972320049,1.6407631940789422,203.0,123.72291183308506,9.12075419085078,22256.931362500003,354.0,97.0,128.0
11190730,11560515,영등포구,영등포본동,그 외,66.44549072584117,48.85736800630418,84.03361344537815,0.9676505009436064,3.0796389806425086,354.0,114.94853852192264,17.976568666279046,19692.3009375,240.0,60.0,94.0
11190720,11560720,영등포구,대림3동,그 외,66.44217970876294,56.97399527186761,75.91036414565826,0.731208923684656,2.339996268353965,290.0,123.93182156824386,12.993103729860056,22319.532425,315.0,50.0,126.0
11090600,11305595,강북구,번1동,그 외,66.06637927038427,61.544523246650904,70.58823529411765,0.5582151715527055,1.9163516195231545,185.0,96.53760725082049,12.557476758995346,14732.259,313.0,56.0,136.0
11070720,11260575,중랑구,면목3.8동,그 외,65.90794710319116,71.59180457052797,60.22408963585434,0.3244053251065386,1.4592892080009727,162.0,111.0129500799351,8.717411933328558,18583.497170833332,370.0,78.0,150.0
11090650,11305635,강북구,수유3동,그 외,65.84404447358139,84.90937746256895,46.778711484593835,0.0150084539844442,1.0176333039265122,141.0,138.55678607997115,5.246231961448228,26876.432654166667,707.0,116.0,158.0
11140680,11440680,마포구,합정동,그 외,65.60879671017344,76.59574468085107,54.621848739495796,0.1840285610730266,1.239041409336565,155.0,125.0967068832619,6.837260406359045,22669.89858333333,501.0,201.0,109.0
11030710,11170555,용산구,청파동,그 외,65.57552098853725,73.16784869976358,57.98319327731093,0.2769562709372182,1.3806729735894387,164.0,118.78265392103457,7.885619632176474,20797.35108333333,373.0,115.0,128.0
11120730,11380600,은평구,응암3동,그 외,65.48993119706512,71.31599684791173,59.66386554621849,0.3155020431600435,1.4442580118136623,160.0,110.78352946027702,8.639465921823872,18519.66330416667,409.0,80.0,138.0
11050670,11215847,광진구,자양4동,그 외,64.76928832998921,66.23325453112687,63.305322128851536,0.3753702259670177,1.5469317072191506,247.0,159.67091426681063,7.255050510827996,34045.24884166667,400.0,95.0,106.0
11140660,11440660,마포구,서교동,그 외,64.6095317559648,99.52718676122932,29.69187675070028,-0.4233426156202221,0.6117613311669788,207.0,338.3672511715191,1.733586963061454,119405.60491666668,2255.0,833.0,358.0
11040670,11200670,성동구,성수2가1동,그 외,64.23157915648528,71.0401891252955,57.422969187675065,0.2587713259235037,1.351741129097743,162.0,119.84543231893178,7.674828452720023,21107.96365,385.0,142.0,109.0
11160630,11500593,강서구,화곡8동,그 외,64.0312626232526,45.429472025216704,82.6330532212885,0.9164252713582348,2.893142686429156,724.0,250.24690396227663,10.042331761949916,72094.80996666667,237.0,48.0,95.0
11210520,11620525,관악구,보라매동,그 외,63.87829363423856,47.084318360914104,80.67226890756302,0.8672090325430536,2.7422870177782417,290.0,105.75114789951982,16.917616735351,17141.894425000002,247.0,65.0,83.0
11250660,11740650,강동구,성내2동,그 외,63.5786465886591,64.97241922773837,62.18487394957983,0.3556795003333117,1.512685432754829,197.0,130.2319674231497,8.126858481513194,24240.609141666664,324.0,92.0,113.0
11050570,11215760,광진구,중곡3동,그 외,63.40514929376006,43.61702127659574,83.19327731092437,0.9358134600640076,2.973697241917137,256.0,86.0881183166304,21.016735938795236,12180.768733333332,200.0,50.0,97.0
11100630,11320515,도봉구,창5동,그 외,63.39322963227845,52.83687943262411,73.94957983193278,0.6683316663768883,2.1764932138839708,240.0,110.26912396005956,13.059903778152416,18376.8582125,230.0,56.0,119.0
11020550,11140550,중구,명동,그 외,63.19357530246141,98.93617021276596,27.450980392156865,-0.4810136552631024,0.5711488615050372,110.0,192.59427342661328,2.3630639438474095,46549.73484166667,1100.0,373.0,542.0
11210800,11620595,관악구,청룡동,그 외,63.1816556409798,74.822695035461,51.540616246498594,0.1203110600982009,1.1501351103628623,198.0,172.15368717639785,5.1295074609047635,38600.197291666664,403.0,94.0,147.0
11230580,11680580,강남구,삼성1동,그 외,63.00882054949639,91.84397163120566,34.173669467787114,-0.2829054516276897,0.7197387528587033,162.0,225.08166936483315,2.682452662883426,60392.49163333333,649.0,189.0,199.0
11170730,11530780,구로구,오류2동,그 외,62.964784022355985,56.461780929866045,69.46778711484593,0.5021573087975505,1.7914463386750716,337.0,188.11615660742615,7.529564323220812,44756.90565,183.0,41.0,209.0
11220610,11650590,서초구,방배본동,그 외,62.87025448477263,53.19148936170213,72.54901960784314,0.6255084897129761,2.0716468461130657,212.0,102.33404424010092,13.061397615762932,16231.034858333333,215.0,78.0,103.0
11210680,11620685,관악구,신사동,그 외,62.63500672136467,44.87785657998424,80.3921568627451,0.8625042769360264,2.7279671788251143,278.0,101.9073844281842,17.24702795534546,16118.7191625,226.0,67.0,79.0
11130680,11410685,서대문구,홍은2동,그 외,62.57292515114793,55.397951142631996,69.74789915966386,0.5101462725267074,1.8109502038966043,205.0,113.2002412650019,10.679010521616016,19196.53507083333,174.0,55.0,161.0
11170720,11530740,구로구,개봉1동,그 외,62.451410824377035,63.278171788810084,61.62464985994398,0.3484232098022516,1.4998555737086003,202.0,134.67963418672844,7.879800182213065,25635.1678125,239.0,62.0,163.0
11130700,11410700,서대문구,남가좌2동,그 외,62.28519776705008,64.06619385342789,60.50420168067227,0.331535346549435,1.4713779881726203,166.0,112.8194123701442,8.696006809126995,19089.221483333335,277.0,96.0,117.0
11170670,11530770,구로구,오류1동,그 외,61.91039063379488,42.86840031520882,80.95238095238095,0.8673350474724552,2.7411051423046167,321.0,117.10605151399464,15.804142757706376,20311.130120833335,186.0,35.0,122.0
11010720,11110515,종로구,청운효자동,그 외,61.73937660170451,57.09219858156029,66.38655462184873,0.4422719506187875,1.673411166845482,195.0,116.52844433182015,9.679965580110766,20144.699729166667,203.0,140.0,93.0
11020570,11140570,중구,필동,그 외,61.53144472919192,73.48305752561072,49.57983193277311,0.1061163563586933,1.1320063480493945,102.0,90.10550177192935,7.763447079927499,13138.493629166667,398.0,127.0,123.0
11010630,11110630,종로구,종로5.6가동,그 외,61.43890180185551,85.34278959810877,37.53501400560224,-0.1936742050473232,0.7974415081604741,84.0,105.3368794330382,4.932356713198858,17030.398425,405.0,124.0,212.0
11050650,11215830,광진구,자양2동,그 외,61.13197051870394,47.75413711583925,74.50980392156863,0.6839923430341589,2.2150037193861483,281.0,126.86208945864638,12.109420953983827,23205.073229166668,184.0,70.0,95.0
11190540,11560540,영등포구,여의동,그 외,61.129983908457,99.29078014184397,22.969187675070028,-0.6206759543695405,0.486137952160149,145.0,298.2692450891645,1.4996358052354852,96690.14269583332,1719.0,495.0,399.0
11230660,11680655,강남구,도곡1동,그 외,60.868910211838866,60.953506698187546,60.78431372549019,0.3317098996369907,1.470176399398892,260.0,176.8495264284651,6.439931969252207,40373.0973,206.0,76.0,142.0
11150530,11470530,양천구,목3동,그 외,60.753024614100966,45.03546099290781,76.47058823529412,0.7334238413175868,2.347733251979539,251.0,106.9116347814916,14.379182672911108,17455.790479166666,185.0,58.0,96.0
11160590,11500570,강서구,화곡4동,그 외,60.37258875181278,47.63593380614657,73.10924369747899,0.6481939290276749,2.1278214254526286,202.0,94.93277846707964,14.098543573337404,14327.721083333332,269.0,46.0,101.0
11210580,11620585,관악구,낙성대동,그 외,60.11863374191284,80.18124507486209,40.056022408963585,-0.12626888419889,0.8631511851780271,118.0,136.7083797442301,4.48981440513804,26281.709966666665,536.0,107.0,148.0
11060830,11230560,동대문구,전농1동,그 외,59.8646787320129,79.39322301024428,40.33613445378151,-0.1240938576137272,0.8655548710847227,151.0,174.4545667113688,3.826187931453737,39464.86756666667,433.0,112.0,152.0
11150650,11470630,양천구,신정2동,그 외,59.694658005045994,34.51536643026005,84.87394957983193,0.9929866814092112,3.1767278619533563,285.0,89.71495588695304,21.84894735231073,13044.106675,158.0,60.0,71.0
11200730,11590630,동작구,사당2동,그 외,59.66022342743244,72.26162332545312,47.05882352941176,0.0165384247744661,1.019431006463629,161.0,157.93123711088938,4.816194570309964,33428.88200416667,366.0,68.0,179.0
11040680,11200690,성동구,성수2가3동,그 외,59.57993126328546,77.42316784869976,41.73669467787115,-0.0819078032299812,0.9092072366249504,194.0,213.3726967683885,3.512193554225296,55236.135766666666,568.0,253.0,104.0
11050610,11215860,광진구,구의2동,그 외,59.515697531967874,54.88573680063042,64.14565826330532,0.4115418969767518,1.615216699600442,171.0,105.86814762520748,9.95723809026768,17173.436895833333,229.0,69.0,112.0
11170610,11530720,구로구,고척1동,그 외,59.29568044711975,62.56895193065406,56.022408963585434,0.214892114754597,1.2840981282991295,181.0,140.95495975821265,6.5446832642289,27656.036616666668,270.0,69.0,135.0
11050600,11215850,광진구,구의1동,그 외,59.16787518790022,55.87076438140269,62.46498599439776,0.3646037493857155,1.529091880353667,172.0,112.48506529262175,9.054916044907776,18995.2064875,399.0,81.0,77.0
11150710,11470550,양천구,목5동,그 외,59.16721298448458,50.82742316784871,67.50700280112045,0.4647164005075582,1.7155468414019637,304.0,177.20297264023864,7.504720153451178,40507.839570833334,153.0,57.0,143.0
11220510,11650510,서초구,서초1동,그 외,59.0798021336194,85.1063829787234,33.0532212885154,-0.3490792045168567,0.6655142709321525,94.0,141.24415374044332,3.387307260278122,27750.65642916667,388.0,163.0,194.0
11140710,11440710,마포구,연남동,그 외,59.06854467555344,66.03624901497243,52.10084033613446,0.1295469088810616,1.162970103489169,138.0,118.66169180615158,6.646721318322586,20762.116145833337,645.0,406.0,52.0
11130730,11410565,서대문구,충현동,그 외,58.949844713299036,78.68400315208827,39.21568627450981,-0.1519055975464766,0.8378482169705507,128.0,152.77230100556392,4.047054689631674,31627.939283333337,342.0,108.0,184.0
11190760,11560605,영등포구,문래동,그 외,58.92501208521232,89.558707643814,28.291316526610643,-0.4608304464022911,0.5845361050636971,102.0,174.49734775388256,2.5835200144475507,39481.017925,622.0,172.0,185.0
11110660,11350640,노원구,상계2동,그 외,58.53745753620598,87.94326241134752,29.13165266106443,-0.4316716598876259,0.6045033131264933,94.0,155.49956130733457,2.885649990201863,32574.983216666664,652.0,135.0,182.0
11250720,11740570,강동구,암사1동,그 외,58.07970942514122,51.73364854215919,64.42577030812325,0.4185759670140604,1.6270283021113678,229.0,140.74739800336016,8.300648432639905,27588.206133333337,279.0,66.0,90.0
11040650,11200650,성동구,성수1가1동,그 외,57.94610988603479,50.90622537431048,64.9859943977591,0.4243399317359864,1.6389201887640437,190.0,115.92998933235694,9.512915477248434,19972.8464375,208.0,98.0,83.0
11070710,11260565,중랑구,면목본동,그 외,57.48703736813874,71.27659574468085,43.69747899159664,-0.0325340447300672,0.9627994691144444,128.0,132.94564871097276,5.102095287586259,25087.732154166664,378.0,64.0,168.0
11140720,11440720,마포구,성산1동,그 외,57.48620961386918,48.30575256107171,66.66666666666666,0.4494315616146054,1.6875361012758745,192.0,113.77534374217946,9.91784033303328,19359.0533375,179.0,92.0,86.0
11120510,11380510,은평구,녹번동,그 외,57.23920773983352,67.13947990543736,47.33893557422969,0.026661688660448,1.031537097363677,143.0,138.62807296554664,5.316088537750102,26899.476745833337,250.0,86.0,148.0
11140780,11440555,마포구,아현동,그 외,57.030779214759185,63.08116627265563,50.98039215686274,0.1156413646498479,1.1441557969936824,152.0,132.84904066333135,6.066078926152989,25057.372620833336,223.0,78.0,145.0
11240610,11710580,송파구,송파1동,그 외,56.99055035725874,73.36485421591804,40.61624649859944,-0.1080741787464889,0.8816701492114011,122.0,138.3737445450789,4.549302217243079,26817.299483333332,434.0,210.0,102.0
11020520,11140520,중구,소공동,그 외,56.41112236856918,93.77462568951931,19.047619047619047,-0.8197749878221253,0.382927790462105,51.0,133.18437906649405,2.0268000199872285,25162.8179875,574.0,223.0,231.0
11240520,11710520,송파구,풍납2동,그 외,56.23298964976061,37.11583924349882,75.35014005602241,0.7084235471833901,2.278052326255315,309.0,135.64218716079154,11.911593749044304,25941.113045833335,100.0,41.0,125.0
11020680,11140680,중구,중림동,그 외,56.04889710021125,35.066981875492516,77.03081232492998,0.7556668382385936,2.4169173858433037,162.0,67.02752892957301,20.131855659822573,8046.948216666667,173.0,51.0,77.0
11220650,11650621,서초구,방배4동,그 외,55.53949712272616,72.14342001576044,38.93557422969188,-0.1644441698858789,0.825515390641763,109.0,132.03872542613945,4.394574312672521,24803.312504166668,253.0,112.0,156.0
11150640,11470620,양천구,신정1동,그 외,55.349941394997714,45.153664302600475,65.54621848739495,0.4274847915644643,1.6458634886387375,163.0,99.03616012213396,10.60430950431445,15371.109258333332,205.0,56.0,94.0
11240820,11710647,송파구,위례동,그 외,54.97745197369728,41.60756501182033,68.34733893557423,0.4792646876080347,1.7444955472150314,329.0,188.59320135567336,7.319807584729738,44946.536666666674,175.0,63.0,84.0
11150660,11470640,양천구,신정3동,그 외,54.920336929097886,56.6193853427896,53.221288515406165,0.1640567408361766,1.210267860555696,185.0,152.85872328713828,5.8437459171226305,31657.77612916667,128.0,62.0,203.0
11210830,11620765,관악구,미성동,그 외,54.84484573971432,48.34515366430259,61.34453781512605,0.3436850383199945,1.4924920602565352,162.0,108.54329099221796,9.049765631122554,17901.01607083333,180.0,51.0,126.0
11210570,11620575,관악구,행운동,그 외,54.73227115905464,57.64381402679275,51.820728291316534,0.1269841506799608,1.1594714955396896,141.0,121.60712923293548,6.519647613709234,21626.935741666664,281.0,68.0,111.0
11160540,11500535,강서구,등촌3동,그 외,54.583440941388375,74.15287628053586,35.01400560224089,-0.2678554553625709,0.7318473533795656,109.0,148.93816244146228,3.595497343008898,30315.694770833332,308.0,88.0,184.0
11090720,11305555,강북구,송천동,그 외,54.5735078901537,65.16942474389283,43.977591036414566,-0.030183113882507,0.965422992627662,120.0,124.2978475925742,5.350124267364223,22429.3855625,320.0,53.0,164.0
11220570,11650560,서초구,반포1동,그 외,54.02685897053857,68.5579196217494,39.49579831932773,-0.1435109795594195,0.8461550427414621,139.0,164.27249496694267,3.893836134924971,35697.444675,264.0,99.0,140.0
11240630,11710600,송파구,석촌동,그 외,53.657018362900715,85.18518518518518,22.128851540616246,-0.6686378508370167,0.4574957116574828,61.0,133.3345831352172,2.4196644755495824,25210.1068625,560.0,143.0,159.0
11190620,11560620,영등포구,양평2동,그 외,53.54576818907232,71.23719464144996,35.85434173669468,-0.2405049877801172,0.7553572261540823,99.0,131.06381533418386,4.040975538217856,24499.034716666665,293.0,121.0,131.0
11110510,11350560,노원구,월계1동,그 외,53.53401407844461,65.05122143420016,42.016806722689076,-0.0789786551254505,0.9119131121375504,99.0,108.56297456666805,5.528744954783757,17906.414712499998,275.0,62.0,159.0
11110780,11350625,노원구,중계2.3동,그 외,53.23552588884253,41.765169424743895,64.70588235294117,0.4188214649528156,1.6275130206674766,228.0,140.09104511280194,8.329024088259755,27374.155433333333,122.0,39.0,142.0
11240580,11710562,송파구,방이2동,그 외,53.221454066260065,84.59416863672182,21.84873949579832,-0.686841632321501,0.4489555748985558,83.0,184.8735256684458,1.9090762667059524,43476.52393333334,711.0,108.0,164.0
11180550,11545640,금천구,독산4동,그 외,53.11318380780208,26.674546887312843,79.55182072829132,0.8446585215830261,2.6765091305316075,214.0,79.95489257213757,19.859507740548803,10775.6950875,204.0,29.0,64.0
11240710,11710650,송파구,잠실본동,그 외,52.94415638595865,89.3617021276596,16.5266106442577,-0.95594487173094,0.3272265545230629,57.0,174.191242159666,1.447967729586915,39365.51819166667,792.0,127.0,192.0
11250610,11740600,강동구,천호1동,그 외,52.90740409639032,42.78959810874704,63.02521008403361,0.3686486451191443,1.5353907033677956,214.0,139.37820486381915,7.884329718361914,27142.446808333338,219.0,48.0,92.0
11140770,11440565,마포구,공덕동,그 외,52.848964644959636,81.04806934594168,24.649859943977592,-0.5155404794598584,0.5477283976950786,77.0,140.58062412689807,2.7965674655508304,27533.753770833337,413.0,111.0,172.0
11200700,11590680,동작구,신대방2동,그 외,52.712716292190635,60.047281323877066,45.378151260504204,-0.0105002451062022,0.9878256466109376,113.0,114.39265662688943,5.784751322989905,19534.115416666667,270.0,83.0,109.0
11150700,11470680,양천구,신정7동,그 외,51.985120289250446,35.342789598108745,68.62745098039215,0.480874349192432,1.750353999035541,199.0,113.69128765361212,10.2920749261822,19335.265379166667,119.0,42.0,107.0
11130640,11410640,서대문구,홍제3동,그 외,51.39824251213488,49.01497241922774,53.78151260504202,0.170905465478979,1.220833135229388,115.0,94.19796750388178,8.130647490670464,14144.014991666663,232.0,38.0,129.0
11220620,11650600,서초구,방배1동,그 외,51.37059551953169,55.12214342001576,47.61904761904761,0.0367593893852417,1.0437755621678677,129.0,123.58978757087748,5.8063443861004,22217.076945833334,228.0,85.0,102.0
11050550,11215740,광진구,중곡1동,그 외,51.36927111270039,45.035460992907794,57.70308123249299,0.2738548661740517,1.3764484998733393,132.0,95.8989747979286,9.059257644005145,14570.730316666668,269.0,62.0,74.0
11060880,11230660,동대문구,장안2동,그 외,51.24891564190688,78.40819542947203,24.089635854341736,-0.5212015077755062,0.5442485420375023,80.0,146.99166616139044,2.6974059409950844,29658.124045833338,447.0,87.0,168.0
11100560,11320700,도봉구,방학2동,그 외,51.18219864778062,20.29156816390859,82.07282913165265,0.901978944637216,2.8621549750495836,216.0,75.4676116013802,22.058376135068393,9792.198604166666,138.0,31.0,64.0
11150630,11470611,양천구,신월7동,그 외,50.92576037507202,17.257683215130026,84.593837535014,0.9873356658495924,3.1548465704529014,297.0,94.1408697277356,21.019434926934608,14129.780416666666,124.0,19.0,74.0
11090610,11305603,강북구,번2동,그 외,50.899934441861845,20.56737588652482,81.23249299719888,0.8798332095667041,2.7898545462032023,207.0,74.19741659353265,21.741999208845066,9520.743608333332,43.0,18.0,110.0
11190710,11560710,영등포구,대림2동,그 외,50.791167530842124,42.198581560283685,59.38375350140056,0.3107053799049174,1.4364294780050622,151.0,105.12176358961344,8.896682734292536,16972.61827916667,347.0,32.0,86.0
11210820,11620745,관악구,삼성동,그 외,50.7660038010476,17.218282111899132,84.31372549019608,0.9690570492577086,3.0868756514547,316.0,102.36887898321528,19.4578659098347,16240.2188125,76.0,10.0,94.0
11070600,11260590,중랑구,상봉2동,그 외,50.75325638529643,70.13396375098502,31.372549019607842,-0.3863053471039007,0.6370570164554193,86.0,134.99576612232195,3.3416891314835175,25735.4878375,543.0,71.0,127.0
11030520,11170520,용산구,용산2가동,그 외,50.73918456271397,46.2962962962963,55.182072829131656,0.1905852359587147,1.249263336323991,114.0,91.25377867523888,8.496303985414599,13417.599016666669,219.0,101.0,63.0
11030660,11170660,용산구,이태원2동,그 외,50.19832992298575,43.814026792750205,56.582633053221286,0.2405197955462374,1.3245574058281229,109.0,82.29163909423194,9.643615567641866,11302.814720833334,234.0,81.0,60.0
11210720,11620725,관악구,조원동,그 외,50.13227513227513,57.40740740740741,42.857142857142854,-0.0460961616438811,0.9478067300569522,173.0,182.52666341544625,4.064922834377379,42559.23348333334,312.0,73.0,96.0
11240560,11710550,송파구,마천2동,그 외,50.131447378005575,34.436564223798264,65.82633053221288,0.4349734408907484,1.6613676244638331,141.0,84.86983730979131,11.852577572899603,11896.146566666668,202.0,29.0,93.0
11130520,11410520,서대문구,천연동,그 외,50.01854169563806,41.213553979511424,58.82352941176471,0.2906187972173172,1.404104595086376,120.0,85.46371860040668,9.971288505688578,12034.553,166.0,35.0,127.0
11070690,11260680,중랑구,신내1동,그 외,49.975995126182866,67.17888100866826,32.773109243697476,-0.3506528431163302,0.6644366457513812,100.0,150.50343872426626,3.2416276786504685,30848.700070833333,258.0,74.0,160.0
11110650,11350630,노원구,상계1동,그 외,49.606982272814555,73.44365642237982,25.770308123249297,-0.4893467413191176,0.5649591366556154,84.0,148.6833198189416,2.778763596387934,30229.27179166667,304.0,80.0,190.0
11020670,11140670,중구,황학동,그 외,49.57221659349318,42.00157604412923,57.14285714285714,0.2516536349203757,1.341784931213578,113.0,84.21617903980864,9.621477747199698,11744.557641666666,278.0,48.0,76.0
11140750,11440585,마포구,도화동,그 외,49.1492341617498,70.56737588652481,27.73109243697479,-0.4747112719512359,0.5737110001516791,63.0,109.81138584294864,3.452024432468211,18250.160516666667,363.0,80.0,144.0
11130660,11410660,서대문구,홍은1동,그 외,48.95520856096576,26.20173364854216,71.70868347338936,0.567870975778217,1.9384789772021176,178.0,91.82457075542511,13.129536100284636,13557.219283333334,126.0,32.0,86.0
11070640,11260620,중랑구,묵1동,그 외,48.85852686228156,56.540583136327825,41.17647058823529,-0.0974760704520171,0.8925122004193597,107.0,119.88631634360236,5.066299931840057,21119.949754166668,204.0,58.0,144.0
11070540,11260540,중랑구,면목4동,그 외,48.820284615028044,15.2876280535855,82.35294117647058,0.907833973673496,2.877715486294543,259.0,90.00194815419309,19.75072894774091,13113.44005,91.0,30.0,61.0
11070610,11260600,중랑구,중화1동,그 외,48.636523167186496,15.760441292356186,81.5126050420168,0.888651027946849,2.816374127306919,230.0,81.66528650081416,20.60834779417116,11160.525933333332,78.0,22.0,79.0
11190630,11560630,영등포구,신길1동,그 외,48.623775751435325,35.342789598108745,61.904761904761905,0.3515800052005515,1.5064875264961637,156.0,103.55213518616364,9.424033392519847,16553.421820833333,179.0,40.0,85.0
11060800,11230705,동대문구,청량리동,그 외,48.30326929826305,61.032308904649334,35.57422969187675,-0.2493079307239487,0.7475275608840446,93.0,124.4101286245766,4.140118076033976,22463.12745,274.0,51.0,154.0
11080850,11290810,성북구,석관동,그 외,47.98905377753938,67.96690307328605,28.011204481792717,-0.4727587212305429,0.5757147545279432,77.0,133.74678935080635,3.038666075237671,25340.0663625,367.0,61.0,154.0
11110580,11350611,노원구,하계1동,그 외,47.907271655707206,45.11426319936959,50.700280112044815,0.1108145624244124,1.137903898105329,131.0,115.12395749599064,6.635489550274561,19742.326320833337,148.0,47.0,133.0
11190650,11560650,영등포구,신길3동,그 외,47.88310123103615,27.698975571315998,68.0672268907563,0.4739944201715703,1.7390611038448118,140.0,80.5032092837223,12.845840550836709,10898.4693875,133.0,25.0,102.0
11220550,11650540,서초구,잠원동,그 외,47.820688559111595,69.0307328605201,26.610644257703083,-0.4847582137741877,0.5682362827930917,92.0,161.90448020634292,2.64039600168464,34843.2583375,340.0,86.0,135.0
11200630,11590620,동작구,사당1동,그 외,47.78377071868937,71.19779353821907,24.369747899159663,-0.5158836027794517,0.5469238214117255,65.0,118.84653301847656,3.1226027862230032,20815.968104166663,447.0,91.0,126.0
11200710,11590605,동작구,흑석동,그 외,47.554813887730035,77.46256895193066,17.647058823529413,-0.9009722534675688,0.3481966946705339,49.0,140.7250578480193,1.7765911625947153,27580.909458333335,337.0,93.0,195.0
11060890,11230740,동대문구,이문1동,그 외,47.55166842150571,70.1733648542159,24.92997198879552,-0.5112217224109956,0.5507196964558836,83.0,150.7118785366502,2.684350114117525,30919.9606875,297.0,91.0,147.0
11120660,11380632,은평구,신사2동,그 외,47.15070425333254,16.430260047281322,77.87114845938376,0.7992216731446935,2.53771718053035,216.0,85.11586777958401,18.07016272744834,11953.406466666667,70.0,25.0,82.0
11030570,11170570,용산구,원효로2동,그 외,46.97770361099523,15.524034672970844,78.43137254901961,0.8040235382219677,2.551521497965571,222.0,87.00690947617309,17.907243966953803,12397.217595833334,80.0,29.0,69.0
11160690,11500620,강서구,공항동,그 외,46.91048996430724,70.2915681639086,23.52941176470588,-0.5758700676156707,0.5104890029218215,75.0,146.91795429623744,2.530933311591154,29633.3371,285.0,72.0,176.0
11020730,11140665,중구,동화동,그 외,46.88565733622054,14.499605988967692,79.27170868347339,0.8313332009150184,2.6337666407108733,229.0,86.94771832108526,18.49275646451424,12383.2269375,93.0,32.0,47.0
11100550,11320690,도봉구,방학1동,그 외,46.48419651548563,73.64066193853428,19.327731092436977,-0.817077335045265,0.3842207250040388,52.0,135.33887324650013,2.012029836106692,25844.547166666667,423.0,80.0,148.0
11120550,11380551,은평구,갈현1동,그 외,45.802623649932784,66.1150512214342,25.49019607843137,-0.4993618199410454,0.5573190148509969,61.0,109.45257271781544,3.3606793209965873,18151.0921375,343.0,72.0,133.0
11230670,11680656,강남구,도곡2동,그 외,45.68160597572362,61.11111111111111,30.252100840336134,-0.4116570800737167,0.6183873688452446,82.0,132.60296721959892,3.2826116447303435,24980.110008333333,247.0,90.0,118.0
11160580,11500560,강서구,화곡3동,그 외,45.23975074663435,45.941686367218274,44.537815126050425,-0.0139413508254904,0.9838488328798936,99.0,100.62521465844512,6.272533989257915,15783.095025,245.0,56.0,87.0
11220680,11650660,서초구,내곡동,그 외,44.44494109700618,42.671394799054376,46.21848739495798,0.0132512813264628,1.0155711218019734,121.0,119.14478208606826,5.788648505211081,20902.979320833332,81.0,42.0,161.0
11170510,11530510,구로구,신도림동,그 외,43.99795379144565,71.74940898345153,16.246498599439775,-0.9676636930185324,0.3224351496290475,52.0,161.2727398356678,1.502161133765851,34616.79232083333,267.0,92.0,168.0
11230800,11680670,강남구,개포2동,그 외,43.41836025190218,40.8983451536643,45.938375350140056,0.0013819061704034,1.0016102572943135,146.0,145.76528039398792,4.991995699607694,29246.820066666667,129.0,38.0,135.0
11070680,11260660,중랑구,망우3동,그 외,42.915747859427455,13.002364066193854,72.82913165266106,0.6307488802113772,2.0904326893898415,135.0,64.57993155445918,17.8407070074838,7566.964691666667,91.0,27.0,54.0
11190660,11560660,영등포구,신길4동,그 외,42.64143009449643,7.131599684791174,78.15126050420169,0.8018086669165725,2.5528961265244954,153.0,59.93193315244428,22.874665933398237,6688.6222708333335,83.0,14.0,43.0
11170640,11530750,구로구,개봉2동,그 외,42.60202899126554,40.386130811662724,44.81792717086835,-0.0135700889895137,0.984294685212274,113.0,114.80301752887172,5.750390112921727,19650.8406875,140.0,45.0,116.0
11250750,11740515,강동구,강일동,그 외,42.56825661706763,49.84239558707643,35.294117647058826,-0.2495768912411224,0.7479289718527355,136.0,181.83544844252657,3.215846561896824,42290.57493333333,118.0,49.0,187.0
11250540,11740540,강동구,명일2동,그 외,42.35949699028548,43.262411347517734,41.45658263305322,-0.086494754454916,0.9039033591731678,94.0,103.99341815256123,5.638586114664222,16670.845862500002,149.0,58.0,107.0
11240810,11710646,송파구,장지동,그 외,42.30138864056261,50.709219858156025,33.89355742296919,-0.2936665101768337,0.7100380037414862,101.0,142.2459072159362,3.5969399405614313,28079.423529166663,144.0,63.0,136.0
11050560,11215750,광진구,중곡2동,그 외,41.97293574640258,49.21197793538219,34.73389355742297,-0.2709608932811616,0.7282850722264707,72.0,98.8623860981879,4.697799940387257,15326.323154166666,238.0,54.0,104.0
11040570,11200570,성동구,행당2동,그 외,41.823939977882404,14.4602048857368,69.187675070028,0.5011324955988155,1.7941746246560126,156.0,86.94805837525934,12.597603876994151,12383.307295833334,52.0,23.0,79.0
11140610,11440610,마포구,염리동,그 외,41.701928998549775,35.22458628841608,48.17927170868347,0.0662021229968102,1.0803356851343773,111.0,102.74584235935268,6.793255002404317,16339.736983333334,182.0,67.0,52.0
11160740,11500615,강서구,우장산동,그 외,41.690174887922076,62.37194641449961,21.008403361344538,-0.725354487910063,0.428548714786609,66.0,154.00816225260166,2.058916567239367,32055.69426666667,203.0,72.0,158.0
11140730,11440730,마포구,성산2동,그 외,41.32513525504765,65.56343577620174,17.086834733893557,-0.915704765867848,0.3428375765742941,56.0,163.34265502505266,1.583663932458515,35361.0376875,229.0,79.0,158.0
11160761,11500641,강서구,방화3동,그 외,41.30841461880261,21.552403467297086,61.06442577030813,0.3381855215336316,1.4838232889356886,135.0,90.9811842196063,10.111506359075792,13351.126450000002,80.0,33.0,83.0
11050640,11215820,광진구,자양1동,그 외,41.078795584427624,56.10717100078802,26.05042016806723,-0.4855717137171665,0.566661025860583,66.0,116.4717476374282,3.278950269143711,20128.393108333337,284.0,66.0,106.0
11210630,11620630,관악구,남현동,그 외,40.555323784360084,36.01260835303389,45.09803921568628,-0.0127982831685842,0.9851916350222696,123.0,124.84880669659732,5.443645558150856,22595.15221666667,219.0,48.0,70.0
11100520,11320670,도봉구,쌍문2동,그 외,40.32603585169292,39.75571315996847,40.896358543417364,-0.0997477683660428,0.8899301887593524,86.0,96.63679363422,5.827580600956008,14757.410645833334,204.0,45.0,87.0
11040690,11200720,성동구,송정동,그 외,40.07953063021899,12.371946414499604,67.78711484593838,0.4717112624918616,1.7359258585909154,120.0,69.12737626790485,14.1706754908985,8468.191941666666,60.0,34.0,44.0
11150520,11470520,양천구,목2동,그 외,40.06165113799657,42.868400315208824,37.254901960784316,-0.1968201550001714,0.7945409636245643,85.0,106.98000970553372,4.864270617648857,17474.356729166666,168.0,58.0,97.0
11240540,11710532,송파구,거여2동,그 외,38.40879141254611,21.35539795114263,55.46218487394958,0.2000590016194852,1.262965591393438,123.0,97.38982664151074,8.228013955683869,14948.929433333333,127.0,27.0,78.0
11100600,11320512,도봉구,창2동,그 외,38.18480110720411,32.11189913317573,44.25770308123249,-0.0147131399055601,0.98300335475875,131.0,133.26505892968208,5.200845117679575,25188.2140375,142.0,35.0,95.0
11060730,11230730,동대문구,휘경2동,그 외,37.309368191721134,31.48148148148148,43.13725490196079,-0.0385079263361628,0.9559994104115656,93.0,97.28039472321716,6.23281131589413,14921.035675,120.0,49.0,84.0
11060860,11230610,동대문구,답십리2동,그 외,37.24513446040355,42.277383766745466,32.212885154061624,-0.3735956143833226,0.6460497372006619,72.0,111.44652780446364,3.849366206855099,18704.377845833333,186.0,40.0,108.0
11020710,11140635,중구,약수동,그 외,36.954427160935296,28.250591016548466,45.65826330532213,-0.0029996451062877,0.9964980692979512,88.0,88.3092528839493,6.925503433478184,12706.657479166666,111.0,39.0,87.0
11200550,11590550,동작구,상도3동,그 외,36.7744733827337,41.05594956658786,32.49299719887955,-0.3542881387625483,0.6603864343229193,64.0,96.9129538004788,4.316295275072199,14827.5305375,147.0,47.0,113.0
11020580,11140580,중구,장충동,그 외,36.60379045235115,24.468085106382976,48.739495798319325,0.0932131355953857,1.1150107667744529,106.0,95.06634658483252,7.380990294255112,14361.216554166667,127.0,44.0,63.0
11250580,11740580,강동구,암사2동,그 외,36.23990967545411,19.818754925137906,52.66106442577031,0.15598138530818,1.1998608645898388,108.0,90.01043636581879,8.234536089953872,13115.492945833334,112.0,37.0,61.0
11200520,11590520,동작구,노량진2동,그 외,36.06392911774638,29.550827423167846,42.57703081232493,-0.0612757204598256,0.9309167255236576,94.0,100.97573437315062,5.921422297750641,15874.564466666665,211.0,31.0,72.0
11100610,11320513,도봉구,창3동,그 외,35.8136162266325,23.167848699763592,48.4593837535014,0.0754138003568057,1.092366739687747,80.0,73.23547769576726,8.58624937313448,9317.222983333331,144.0,34.0,66.0
11230680,11680660,강남구,개포1동,그 외,35.528372105343315,0.7486209613869189,70.30812324929971,0.5438700966643872,1.883147976579511,218.0,115.76360578735196,10.940933741648172,19925.173220833334,7.0,3.0,38.0
11170690,11530790,구로구,수궁동,그 외,35.52042566435558,40.22852639873916,30.81232492997199,-0.39972046262077,0.6261994437484302,63.0,100.6069242458632,3.9928185197792287,15778.3279375,108.0,34.0,154.0
11120570,11380560,은평구,구산동,그 외,35.34957718311911,39.046493301812454,31.652661064425768,-0.3795900345851645,0.6417517769301685,77.0,119.98408538630142,3.640898782012613,21148.624175,111.0,43.0,127.0
11150540,11470540,양천구,목4동,그 외,35.29544205389011,43.42001576044129,27.170868347338935,-0.4826440149449887,0.5679462631320039,56.0,98.6008776449759,3.669959214539044,15259.0251625,228.0,55.0,84.0
11070700,11260690,중랑구,신내2동,그 외,35.20356132996934,26.989755713159965,43.417366946778714,-0.0348217913974844,0.9600921335549246,86.0,89.57473662612833,6.610154629262353,13010.2856625,95.0,29.0,104.0
11240750,11710690,송파구,잠실4동,그 외,35.13353331876486,10.323089046493301,59.943977591036415,0.3167943105898456,1.4457692171815049,192.0,132.80127818345707,7.667006409889898,25042.368525,24.0,22.0,74.0
11010700,11110700,종로구,숭인1동,그 외,35.12177920813715,4.137115839243498,66.1064425770308,0.4362723315057344,1.6653337811202504,119.0,71.45714651866973,13.302525157054616,8945.669983333333,43.0,14.0,43.0
11240570,11710561,송파구,방이1동,그 외,34.875605088371046,45.94168636721829,23.809523809523807,-0.5581023492447462,0.5203401513460933,60.0,115.3091873552004,3.0310370317671333,19795.205195833332,241.0,73.0,73.0
11080780,11290780,성북구,장위3동,그 외,34.8691486050685,13.435776201733647,56.30252100840336,0.2311149149550344,1.3104724996169492,98.0,74.78218736268435,10.160354595476848,9645.332658333333,60.0,16.0,82.0
11080590,11290590,성북구,돈암2동,그 외,34.838687247948826,14.775413711583923,54.90196078431373,0.1894400801234488,1.24796817861967,100.0,80.13024828133533,9.246504159820953,10814.898070833333,40.0,18.0,88.0
11010690,11110690,종로구,창신3동,그 외,34.8280919932985,0.7486209613869189,68.90756302521008,0.4831157156432614,1.766960913913317,71.0,40.18198673266357,20.48817472092244,3465.4136333333336,21.0,8.0,24.0
11160530,11500530,강서구,등촌2동,그 외,34.67677851282357,15.011820330969266,54.34173669467787,0.1778586705423029,1.2309056688373412,110.0,89.36509334943685,8.487794659948486,12959.785716666667,86.0,32.0,58.0
11140700,11440700,마포구,망원2동,그 외,33.74257504420208,50.11820330969267,17.366946778711483,-0.911898842638634,0.3418150076750384,34.0,99.46900878127506,2.1959717310395384,15482.895120833333,214.0,92.0,83.0
11130720,11410720,서대문구,북가좌2동,그 외,33.22456642231361,54.964539007092206,11.484593837535014,-1.2556798459291774,0.22844745663893,31.0,135.69859982725345,1.1941867376757582,25959.089162499997,260.0,59.0,115.0
11240510,11710510,송파구,풍납1동,그 외,33.159504936726464,9.456264775413713,56.86274509803921,0.2501963177653694,1.339087413765693,126.0,94.09393196047684,8.924724356634439,14118.0830875,86.0,20.0,48.0
11030510,11170510,용산구,후암동,그 외,33.09394679857758,43.49881796690307,22.689075630252102,-0.62347142203993,0.4799583507539235,39.0,81.25705061436769,3.5236147766539663,11068.1792625,168.0,82.0,80.0
11230720,11680720,강남구,일원본동,그 외,32.97243247180669,18.045705279747832,47.89915966386555,0.0554288780722429,1.0667940788687826,118.0,110.61178753928404,6.38806889473114,18471.936033333335,33.0,18.0,103.0
11180590,11545690,금천구,시흥3동,그 외,32.5845468210925,13.908589440504334,51.26050420168067,0.1199034604951258,1.150671198450979,88.0,76.47710320590681,8.79109245487374,10010.132466666668,105.0,20.0,66.0
11120680,11380650,은평구,수색동,그 외,32.46816457079286,10.874704491725767,54.061624649859944,0.177321648139787,1.2301099898178824,111.0,90.2358333147376,8.428211922712784,13170.053270833334,82.0,22.0,60.0
11200560,11590560,동작구,상도4동,그 외,32.29417062333208,35.736800630417655,28.851540616246496,-0.4475819861088808,0.5920427753894787,61.0,103.03309580945532,3.71594655746982,16415.736625,139.0,35.0,112.0
11010670,11110670,종로구,창신1동,그 외,32.28407202124348,42.15918045705279,22.408963585434176,-0.636480672079329,0.472705212709388,39.0,82.50385007701747,3.4357637683475803,11351.187866666667,198.0,37.0,111.0
11020650,11140650,중구,신당5동,그 외,32.2125540523538,30.811662726556346,33.61344537815126,-0.3091536438191392,0.6947826280873863,45.0,64.76845876799919,5.918318550111559,7603.510966666666,256.0,30.0,65.0
11210640,11620645,관악구,서원동,그 외,31.88774327697982,57.05279747832939,6.722689075630252,-1.555177486228576,0.1582323881465434,18.0,113.75673596817424,0.9300505710347748,19353.7863,354.0,70.0,94.0
11090640,11305625,강북구,수유2동,그 외,31.48396474429015,31.875492513790388,31.092436974789916,-0.3932030802587414,0.6309254388156227,62.0,98.26834707503124,4.086038019839061,15173.622883333335,175.0,33.0,85.0
11240800,11710680,송파구,잠실3동,그 외,31.125547145572177,52.16706067769898,10.084033613445378,-1.3265422123609931,0.2122067055000657,48.0,226.1945487862311,0.7882780318492685,60892.22084166666,195.0,80.0,103.0
11010560,11110560,종로구,평창동,그 외,30.995258623543982,43.22301024428685,18.76750700280112,-0.8458417212203627,0.3702439271746823,40.0,108.0368834277405,2.2519543707400884,17762.3492375,102.0,39.0,162.0
11210650,11620655,관악구,신원동,그 외,30.622934753097457,24.271079590228524,36.97478991596639,-0.2004774268881722,0.7907779228719286,71.0,89.78500530483183,5.436024295081739,13061.015945833336,174.0,34.0,54.0
11220580,11650570,서초구,반포2동,그 외,30.599426531842052,11.89913317572892,49.299719887955185,0.1007989682482433,1.1244851595677434,162.0,144.06592974715065,5.648390494963786,28680.7366,46.0,22.0,74.0
11010540,11110540,종로구,삼청동,그 외,30.568302971306725,41.52876280535855,19.607843137254903,-0.8096209772159645,0.38377168426714,28.0,72.96004668366687,3.0239942958395596,9259.276725,170.0,112.0,49.0
11200690,11590670,동작구,신대방1동,그 외,30.22346054260948,31.875492513790388,28.57142857142857,-0.4508324138655934,0.5899240534943063,63.0,106.79340777313811,3.615763402655664,17423.706416666668,140.0,46.0,83.0
11130620,11410620,서대문구,홍제1동,그 외,30.122640072577493,47.36012608353034,12.885154061624648,-1.1801136524524132,0.249281081605927,30.0,120.34607603085236,1.4114373683721568,21254.928254166665,149.0,51.0,135.0
11050590,11215780,광진구,능동,그 외,30.045162272947003,23.9558707643814,36.134453781512605,-0.2357834531628108,0.7590029065589001,77.0,101.44888686803026,4.812989145089523,15998.373916666666,145.0,43.0,47.0
11250650,11740640,강동구,성내1동,그 외,29.9469906165776,59.613869188337276,0.2801120448179272,-3.4925526246996017,0.0088883413015746,1.0,112.50693082890936,0.0526278420358892,19001.349120833333,251.0,107.0,98.0
11070570,11260570,중랑구,면목7동,그 외,29.938547523028127,45.311268715524044,14.565826330532214,-1.0983081726187316,0.2729620214381559,25.0,91.58783287243556,1.8519560495296583,13499.240441666669,191.0,49.0,108.0
11110600,11350619,노원구,중계본동,그 외,29.933249895702964,38.297872340425535,21.568627450980394,-0.6982566575452868,0.4414648500537119,54.0,122.32004426497366,2.4727090106750222,21838.396579166667,148.0,51.0,95.0
11240780,11710720,송파구,잠실7동,그 외,29.90643065736933,0.7092198581560284,59.103641456582636,0.303764964726693,1.4261793175230808,113.0,79.23267334731297,10.645472809434624,10614.840883333332,11.0,7.0,30.0
11080760,11290760,성북구,장위1동,그 외,29.859910867420254,29.747832939322304,29.971988795518207,-0.4203551813310494,0.6113489535728963,64.0,104.68652906979864,3.7968772598302465,16855.957045833333,138.0,28.0,103.0
11250590,11740590,강동구,암사3동,그 외,29.75627603287178,7.131599684791174,52.38095238095239,0.1546173419054913,1.1978342865806244,114.0,95.17176230230312,7.923448680204011,14387.674433333334,37.0,24.0,50.0
11120600,11380590,은평구,응암2동,그 외,29.694856666070685,22.69503546099291,36.69467787114846,-0.2036938844397617,0.7880708379184532,80.0,101.51371697918115,4.995202036897696,16015.368229166668,104.0,26.0,91.0
11130740,11410555,서대문구,북아현동,그 외,29.548013058651357,21.000788022064622,38.095238095238095,-0.1839450201049511,0.8074526432503063,165.0,204.34634944758093,3.210803824275246,51389.00070833333,100.0,33.0,76.0
11110690,11350670,노원구,상계5동,그 외,29.532285727529782,51.2214342001576,7.8431372549019605,-1.473037207405823,0.1741516412322015,18.0,103.35819905366304,1.0907820214143962,16501.922150000002,237.0,60.0,105.0
11050580,11215770,광진구,중곡4동,그 외,29.507618650296997,46.6903073286052,12.324929971988796,-1.1965840462421171,0.2445398602124585,30.0,122.67938639506752,1.3670354610631448,21945.297583333333,202.0,54.0,105.0
11060910,11230600,동대문구,답십리1동,그 외,29.260782327115248,50.11820330969268,8.403361344537815,-1.4277341740543097,0.1850595029899975,22.0,118.88068239969876,1.0563757277046022,20825.9234125,173.0,61.0,124.0
11110640,11350624,노원구,중계4동,그 외,29.077517531835426,37.70685579196217,20.448179271708682,-0.7449853931942917,0.4163686593755319,39.0,93.66699227192566,2.783355278627651,14011.865570833334,221.0,41.0,81.0
11100510,11320660,도봉구,쌍문1동,그 외,29.02487236029163,36.7612293144208,21.288515406162464,-0.6990854422950309,0.4394752776589415,40.0,91.0176340591389,2.994010391455953,13360.007070833331,99.0,40.0,126.0
11080770,11290770,성북구,장위2동,그 외,28.93828926369602,27.344365642237978,30.532212885154063,-0.4000738537453246,0.6254093731986339,55.0,87.94239798278761,4.358444803189649,12619.180116666668,149.0,27.0,89.0
11060720,11230720,동대문구,휘경1동,그 외,28.866605743952427,31.402679275019693,26.330532212885156,-0.484782105171181,0.5668169604862654,60.0,105.85427780517846,3.4945288747117327,17169.696445833335,150.0,41.0,82.0
11100590,11320511,도봉구,창1동,그 외,28.698902728940276,37.50985027580772,19.88795518207283,-0.7792368083578262,0.4004627953639049,42.0,104.87865660987094,2.4841171384638177,16907.415254166666,149.0,50.0,94.0
11210620,11620625,관악구,인헌동,그 외,28.630033573713177,46.33569739952719,10.92436974789916,-1.3035115124330006,0.2145361836683612,24.0,111.86924084144322,1.2750674147401002,18822.534183333333,192.0,55.0,105.0
11110610,11350621,노원구,중계1동,그 외,28.22757944785479,31.245074862096136,25.210084033613445,-0.508158979615228,0.5519846981117875,67.0,121.38017635124952,3.1076365416302876,21559.792820833332,98.0,53.0,85.0
11200660,11590650,동작구,사당4동,그 외,28.04365244915933,13.790386130811664,42.296918767507,-0.0683652810310747,0.9231108836818872,80.0,86.66347826050415,6.49554595609793,12316.131783333332,90.0,27.0,62.0
11010600,11110600,종로구,가회동,그 외,27.62927866181934,41.25295508274232,14.005602240896359,-1.1150801950771771,0.264161392709982,17.0,64.35459711050203,2.259623669502777,7523.376670833332,159.0,104.0,63.0
11040720,11200615,성동구,금호2.3가동,그 외,27.06359139400441,49.645390070921984,4.481792717086835,-1.851855653482702,0.1087589935291515,11.0,101.14106101075296,0.6910510878486568,15917.781179166666,220.0,38.0,135.0
11050660,11215840,광진구,자양3동,그 외,26.547403831508966,51.69424743892829,1.400560224089636,-2.8683521283980316,0.0292239087383083,4.0,136.87422978968502,0.1518899728415365,26334.852295833334,196.0,73.0,105.0
11230600,11680600,강남구,대치1동,그 외,26.304375177967167,34.12135539795114,18.487394957983195,-0.8481262874316968,0.3709601180301873,57.0,153.65533174474987,1.784968527550397,31933.336145833335,104.0,31.0,130.0
11030690,11170690,용산구,서빙고동,그 외,25.275145519200592,12.174940898345154,38.37535014005603,-0.178180393635684,0.8120788120486391,88.0,108.36386652916303,4.929465122642827,17851.835404166664,43.0,32.0,61.0
11040580,11200580,성동구,응봉동,그 외,25.061750468508915,3.624901497241923,46.49859943977591,0.0138261082608629,1.0163687338714036,65.0,63.95316761901114,8.729545412531975,7445.977645833334,26.0,9.0,56.0
11150600,11470590,양천구,신월4동,그 외,24.93046864135725,20.44917257683215,29.411764705882355,-0.4236841660131279,0.6075475414585794,46.0,75.71423939855764,4.672297832307312,9845.262791666666,151.0,28.0,63.0
11160650,11500604,강서구,가양2동,그 외,24.745382786684416,10.835303388494879,38.655462184873954,-0.1768314413141958,0.8131640076414062,79.0,97.15137322560626,5.306224336208813,14888.175658333334,50.0,16.0,75.0
11040730,11200645,성동구,옥수동,그 외,24.6089688830615,38.57368006304177,10.644257703081232,-1.3058416123817465,0.2154836367404071,31.0,143.86243182513977,1.0834142331531538,28613.247870833333,132.0,35.0,129.0
11030630,11170630,용산구,이촌1동,그 외,24.548873923091698,30.890464933018126,18.207282913165265,-0.8536026268759836,0.3679492403405828,49.0,133.17054263964346,1.947654700439927,25158.463658333338,154.0,27.0,102.0
11030590,11170590,용산구,용문동,그 외,24.40898345153664,15.48463356973995,33.33333333333333,-0.337124047648119,0.6716034731859531,39.0,58.06997961906267,6.142569986522873,6349.134008333333,121.0,27.0,54.0
11110760,11350665,노원구,상계3.4동,그 외,24.19956162133884,37.19464144996059,11.204481792717088,-1.2646675013528397,0.2244847106397602,24.0,106.9115127333272,1.3749045386294152,17455.75734583333,167.0,35.0,107.0
11250560,11740560,강동구,고덕2동,그 외,24.147247551502872,38.77068557919622,9.523809523809524,-1.3449514098345592,0.204914117319995,26.0,126.8824244031867,1.1201456540616468,23211.267129166667,170.0,64.0,78.0
11070590,11260580,중랑구,상봉1동,그 외,23.376111673984013,32.46650906225374,14.285714285714285,-1.1053387661631784,0.2722056495375438,31.0,113.88448422237592,1.598765725010824,19389.9578375,153.0,48.0,78.0
11160570,11500550,강서구,화곡2동,그 외,22.974816404103013,9.535066981875493,36.41456582633053,-0.2163252622109023,0.7757207248482103,58.0,74.76917676957669,6.015004186825333,9642.553554166669,72.0,16.0,65.0
11010550,11110550,종로구,부암동,그 외,22.968856573362206,30.811662726556346,15.126050420168067,-1.0553115178083488,0.2859673177016752,22.0,76.93186821771948,2.176291102069536,10108.941758333332,83.0,57.0,84.0
11130690,11410690,서대문구,남가좌1동,그 외,22.712087198945774,25.25610717100079,20.168067226890756,-0.7726992625427859,0.4017892403298038,32.0,79.64374549635323,2.988901117334366,10706.2759,137.0,22.0,94.0
11100530,11320680,도봉구,쌍문3동,그 외,22.660104230817623,29.353821907013398,15.966386554621847,-0.9703959866299156,0.3188601253778534,32.0,100.35748421687906,2.036481828214905,15713.373699999998,156.0,38.0,78.0
11010710,11110710,종로구,숭인2동,그 외,22.608121262689476,33.45153664302601,11.76470588235294,-1.223558824463151,0.2352083399931305,23.0,97.78564824985258,1.528239357512626,15049.998475,172.0,35.0,89.0
11140630,11440630,마포구,신수동,그 외,22.508128546927043,38.57368006304176,6.442577030812324,-1.569210421085908,0.1542920730427676,15.0,97.2182154545438,1.0063604794519818,14905.195808333332,160.0,69.0,76.0
11010580,11110580,종로구,교남동,그 외,22.10534331936084,20.96138691883373,23.249299719887954,-0.5781923739355783,0.5042254057801462,30.0,59.4972003712972,4.539457598129848,6608.719070833333,60.0,39.0,78.0
11210610,11620615,관악구,중앙동,그 외,21.913138777969817,40.464933018124505,3.361344537815126,-2.197077058760472,0.068324782811167,6.0,87.81586641237534,0.4766040988859376,12589.065041666669,203.0,52.0,83.0
11020720,11140645,중구,청구동,그 외,21.720106482309237,3.6643026004728134,39.77591036414566,-0.1382956916540301,0.8497475498373048,51.0,60.017825305603544,7.606882298917762,6704.4549916666665,51.0,11.0,34.0
11080630,11290630,성북구,정릉2동,그 외,21.004099039142844,33.8849487785658,8.123249299719888,-1.4279345117712927,0.1835707950785402,18.0,98.05481308886174,1.19056405691202,15118.884108333334,115.0,38.0,110.0
11070650,11260630,중랑구,묵2동,그 외,20.82993954082815,40.81954294720252,0.8403361344537815,-3.443960577350857,0.0094069161543296,1.0,106.3047638135624,0.0578323745198337,17291.35295416667,219.0,41.0,92.0
11160660,11500605,강서구,가양3동,그 외,20.523008257676594,3.2308904649330183,37.81512605042017,-0.1893935808858357,0.8005014029073728,56.0,69.95615472578983,6.483857513830968,8636.833841666667,27.0,9.0,52.0
11150580,11470570,양천구,신월2동,그 외,20.20266735535822,13.514578408195428,26.89075630252101,-0.4842706510978707,0.5658171541248962,45.0,79.53099278087083,4.213023692756765,10681.1647125,86.0,25.0,65.0
11210710,11620715,관악구,난향동,그 외,20.103502393865348,8.274231678486998,31.932773109243694,-0.3786030022189992,0.638787922413303,34.0,53.2258028166062,6.182120398520603,5499.7311291666665,38.0,17.0,68.0
11180610,11545710,금천구,시흥5동,그 외,19.212011045552973,35.342789598108745,3.081232492997199,-2.235427041159119,0.0636294890320909,5.0,78.57991752029154,0.4775412400565761,10470.299904166666,158.0,33.0,106.0
11190750,11560585,영등포구,도림동,그 외,18.912695101681333,22.419227738376673,15.406162464985995,-1.0458526564183288,0.2908182132503217,27.0,92.8415029383313,1.9554711734604735,13807.413970833331,126.0,36.0,66.0
11080640,11290640,성북구,정릉3동,그 외,18.86203654038448,36.60362490149725,1.1204481792717087,-3.299409351942095,0.0111374602241613,1.0,89.78707711392062,0.0765607901109523,13061.516195833334,130.0,34.0,124.0
11220560,11650550,서초구,반포본동,그 외,18.21191833707478,1.9700551615445232,34.45378151260504,-0.2771823800961276,0.7215555762885935,47.0,65.13704771259626,6.123644582641302,7675.167845833334,26.0,12.0,33.0
11190690,11560690,영등포구,신길7동,그 외,17.38681288118084,17.96690307328605,16.80672268907563,-0.9273900587168984,0.3362038298051057,37.0,110.05228590479936,2.02000401422113,18316.795283333333,89.0,27.0,78.0
11220640,11650620,서초구,방배3동,그 외,15.942050579096888,31.32387706855792,0.5602240896358543,-3.47134915787941,0.0091109807570746,1.0,109.7576678804318,0.0548386465525353,18235.315108333332,66.0,40.0,112.0
11210660,11620665,관악구,서림동,그 외,15.69852527299336,26.635145784081956,4.761904761904762,-1.737497323948853,0.1250701307720289,12.0,95.94616976832744,0.8228961154522838,14582.6426625,139.0,39.0,74.0
11150620,11470610,양천구,신월6동,그 외,15.663594042818072,10.598896769109535,20.72829131652661,-0.7380176188963977,0.4127875931438008,18.0,43.60596175604877,4.5424806592661175,3962.592545833333,93.0,22.0,47.0
11190670,11560670,영등포구,신길5동,그 외,13.25830568634073,8.58944050433412,17.92717086834734,-0.8852267512673176,0.3506374182811622,26.0,74.15067144702631,2.733730679714923,9510.812529166667,60.0,14.0,66.0
11240590,11710566,송파구,오륜동,그 외,12.51067803007728,14.657210401891254,10.364145658263306,-1.3258865375733937,0.2115835253946417,39.0,184.32436990194728,0.9015011993007072,43261.173729166665,46.0,29.0,74.0
11130650,11410655,서대문구,홍제2동,그 외,10.463641721464,7.762017336485422,13.165266106442578,-1.168844020657401,0.2480059259534271,17.0,68.54674917401941,2.03572185215241,8350.846154166667,62.0,18.0,56.0
11110720,11350700,노원구,상계8동,그 외,10.269781671533861,14.657210401891254,5.88235294117647,-1.6191805098369807,0.1443590040515764,13.0,90.05326744534321,0.9904117678064835,13125.853733333335,45.0,12.0,92.0
11040590,11200590,성동구,금호1가동,그 외,9.434080960989595,16.627265563435774,2.2408963585434174,-2.3642001793599445,0.0547297404894472,5.0,91.35800673061988,0.3719393917582699,13443.050429166666,58.0,21.0,88.0
11110730,11350710,노원구,상계9동,그 외,8.295422187787645,11.268715524034674,5.322128851540616,-1.7073626051491746,0.1287693574524333,11.0,85.4240497710283,0.9147390171259612,12025.2878625,51.0,14.0,78.0
11110740,11350720,노원구,상계10동,그 외,6.712590473541663,6.422379826635146,7.002801120448179,-1.5503368807776987,0.1582529785523692,16.0,101.10394222188532,1.0057785674411888,15908.074120833331,28.0,15.0,64.0
11100540,11320681,도봉구,쌍문4동,그 외,6.465423048652085,7.328605200945627,5.602240896358544,-1.6196875932289965,0.1435422918207698,12.0,83.5990553570335,1.034289883247609,11602.163179166666,43.0,15.0,64.0
11010610,11110615,종로구,종로1.2.3.4가동,추천,98.0829211117071,99.52718676122932,96.63865546218487,1.547854728148942,6.007690626957937,1595.0,265.4930320217981,20.041014934926775,79586.78765416666,2047.0,551.0,500.0
11010530,11110530,종로구,사직동,추천,96.7210997874327,94.56264775413712,98.8795518207283,1.8641978629559004,8.684874959462004,1306.0,150.376373418841,42.39531302523105,30805.292066666665,794.0,270.0,206.0
11180510,11545510,금천구,가산동,추천,96.31020256802483,98.50275807722615,94.11764705882352,1.384981095836474,4.981934057119644,933.0,187.2766659098301,21.002167969329346,44423.985245833326,1147.0,398.0,304.0
11030730,11170625,용산구,한강로동,추천,95.18296680374277,96.80851063829788,93.55742296918767,1.3651153690754865,4.861971548279609,1351.0,277.8708156936966,15.729864982763107,85887.57764166666,927.0,364.0,242.0
11250730,11740610,강동구,천호2동,추천,94.30008409983378,89.44050433412134,99.15966386554622,1.9696442184686251,9.79884615540944,1904.0,194.3085920324302,40.30176976707549,47243.582875,557.0,145.0,203.0
11220660,11650651,서초구,양재1동,추천,93.14271808013984,91.60756501182033,94.67787114845937,1.426676479781738,5.226394980942122,1069.0,204.53869328630412,20.76945805987799,51469.80710416666,477.0,188.0,263.0
11140740,11440740,마포구,상암동,추천,92.81707955049633,94.87785657998425,90.75630252100841,1.1731138589590877,3.8978957087152177,746.0,191.38531550036996,16.195238283855176,46062.92213333333,654.0,222.0,247.0
11190740,11560535,영등포구,영등포동,추천,92.62686161935224,96.17809298660363,89.07563025210085,1.1285848775145997,3.6982902196967906,962.0,260.1202022698129,12.507727536057962,76912.4525,923.0,188.0,325.0
11150510,11470510,양천구,목1동,추천,92.57537530378582,87.39164696611505,97.75910364145658,1.6977991314207028,7.153816721333648,1412.0,197.3771561394948,29.115875190308515,48495.88036666667,500.0,156.0,190.0
11020600,11140605,중구,을지로동,추천,92.33218109939011,85.22458628841608,99.43977591036415,2.037863203361756,10.64505515580378,1122.0,105.40105087086144,65.81552201155884,17047.65024583333,630.0,174.0,145.0
11020590,11140590,중구,광희동,추천,90.22521538166095,88.57368006304176,91.87675070028011,1.2526775431616544,4.279326613548072,625.0,146.05101606904466,21.300203730314223,29342.44235,553.0,164.0,185.0
11220670,11650652,서초구,양재2동,추천,90.16578262510677,85.93380614657211,94.39775910364145,1.4102871684445943,5.1314181908084215,904.0,176.16962141563064,22.53554190639121,40114.4114375,561.0,201.0,147.0
11160730,11500540,강서구,화곡1동,추천,89.99311308447729,87.54925137903861,92.43697478991596,1.2752910443306702,4.384830955065114,984.0,224.4100194702689,16.37497396808344,60091.69858333334,597.0,102.0,226.0
11230790,11680610,강남구,대치2동,추천,89.95801630344809,86.91883372734436,92.99719887955182,1.3175738472653211,4.60533036411076,999.0,216.92254865908976,17.59430239508034,56779.744804166665,429.0,147.0,210.0
11190550,11560550,영등포구,당산1동,추천,88.42749865903808,80.49645390070921,96.35854341736695,1.540957705228008,5.979154225257858,781.0,130.62048085343014,32.05921735620349,24361.168625,549.0,152.0,131.0
11060820,11230545,동대문구,제기동,추천,88.30134890835768,86.40661938534281,90.19607843137256,1.1513017446209204,3.805468144188093,548.0,144.00330767107693,19.120751394064257,28659.9615625,484.0,99.0,288.0
11030740,11170685,용산구,한남동,추천,87.83995867850686,89.12529550827423,86.5546218487395,1.031426016625507,3.3098265141606795,551.0,166.47398213852458,15.096285914693349,36499.04374583333,566.0,198.0,171.0
11220600,11650581,서초구,반포4동,추천,87.56928303236188,77.6595744680851,97.47899159663865,1.6674883075954254,6.904087123857175,1524.0,220.73881349697857,26.069854510871128,58458.323937500005,428.0,158.0,130.0
11080820,11290555,성북구,삼선동,추천,83.3328366807716,79.55082742316785,87.11484593837535,1.0536281071078497,3.399508671083468,456.0,134.1370310006201,17.90809169124645,25463.34963333333,411.0,108.0,163.0
11170550,11530550,구로구,구로4동,추천,82.17778837303243,66.03624901497243,98.31932773109243,1.7747065142746816,7.854041301738648,775.0,98.67531506721748,50.725973427577905,15278.169104166664,419.0,57.0,139.0
11160710,11500640,강서구,방화2동,추천,80.57128288667712,64.22379826635147,96.9187675070028,1.572317069459111,6.2005310590297125,804.0,129.66631282801987,33.40880312010214,24065.513425,259.0,98.0,124.0
11220630,11650610,서초구,방배2동,추천,79.0506982935018,66.78486997635933,91.31652661064426,1.1951157505882777,4.006602103641634,504.0,125.79237642338134,22.027791174800164,22880.18785,322.0,102.0,114.0
11160610,11500591,강서구,화곡6동,추천,75.85308355020494,63.75098502758076,87.95518207282913,1.1087249009179745,3.6274934556977354,406.0,111.92301377202826,21.55265508615642,18837.586291666667,430.0,64.0,118.0
11100640,11320521,도봉구,도봉1동,한산,79.27501970055161,58.55003940110323,100.0,2.2268283775616893,13.245820974353306,1413.0,106.67515458164996,81.24593609951496,17391.639112499997,331.0,56.0,122.0
11020690,11140615,중구,신당동,한산,79.17436478137354,58.628841607565,99.71988795518207,2.07177776210935,11.064723876584068,1252.0,113.15239439906574,65.26598844070796,19183.038975,288.0,81.0,99.0
11140590,11440590,마포구,용강동,한산,77.53094145459602,58.98345153664303,96.07843137254902,1.5323037932901793,5.924081470608433,690.0,116.47375266922748,34.278952709064235,20128.9696875,355.0,84.0,90.0
11070620,11260610,중랑구,중화2동,한산,76.57670633265126,58.19542947202522,94.9579831932773,1.4308495637656902,5.263335912217702,689.0,130.90557233875853,28.180202329735447,24449.788966666663,343.0,52.0,123.0
11160550,11500590,강서구,화곡본동,한산,73.4535894736145,55.87076438140267,91.03641456582633,1.175581354861596,3.9174480352682295,482.0,123.03928365114795,21.85685791989716,22052.575066666668,263.0,41.0,145.0
11190610,11560610,영등포구,양평1동,한산,72.75115720046885,56.14657210401892,89.35574229691878,1.1319281093179554,3.72794056964518,392.0,105.15189088363338,23.085024086848613,16980.705695833334,271.0,94.0,87.0
11070520,11260520,중랑구,면목2동,한산,70.71090847686592,50.94562647754137,90.47619047619048,1.1600467028275336,3.851463243351901,405.0,105.15483970905856,23.849486959552987,16981.497366666666,261.0,48.0,112.0
11090630,11305615,강북구,수유1동,한산,70.2448828231056,51.69424743892829,88.79551820728291,1.1269429068789247,3.710130118007096,341.0,91.91052312288411,25.113610572662136,13578.2944875,213.0,37.0,153.0
11170620,11530730,구로구,고척2동,한산,69.40636774804484,48.896769109535065,89.91596638655463,1.143052261827523,3.7816905180013904,330.0,87.26256112951405,26.489603210858856,12457.717745833334,201.0,46.0,128.0
11100620,11320514,도봉구,창4동,한산,69.20721007078956,48.7785657998424,89.6358543417367,1.137317333888569,3.744497348323723,534.0,142.609261090558,18.93680165493308,28199.059679166665,185.0,47.0,130.0
11100650,11320522,도봉구,도봉2동,한산,68.63125865003212,45.66587864460205,91.59663865546219,1.1967808842956908,4.018448532676196,431.0,107.2553241618759,24.559530815805967,17549.195187499998,152.0,51.0,127.0
11230710,11680690,강남구,개포4동,한산,67.84174662772911,49.40898345153664,86.27450980392157,1.0282469201993625,3.3076961218850354,318.0,96.13942402265592,21.733986021488448,14631.462433333334,170.0,66.0,115.0
11020700,11140625,중구,다산동,한산,67.65450861195542,40.07092198581561,95.23809523809523,1.4348896308592325,5.3035301246549205,470.0,88.62021878881681,36.773338021221065,12780.999095833336,169.0,59.0,86.0
11120720,11380530,은평구,불광2동,한산,66.02466045519863,43.81402679275019,88.23529411764706,1.1171142344193845,3.665437698088749,371.0,101.2157429911982,23.27869609240364,15937.3187625,219.0,35.0,113.0
11230750,11680750,강남구,수서동,한산,64.92076736131804,36.56422379826635,93.27731092436974,1.323700357508094,4.651065197966537,568.0,122.1225624289962,26.079285989676567,21779.737383333333,164.0,47.0,89.0
11150570,11470560,양천구,신월1동,한산,63.79353159703598,34.86997635933806,92.71708683473389,1.3143397203075244,4.611733535518607,411.0,89.12050031394138,31.858076388244616,12900.967245833332,262.0,35.0,71.0
11090690,11305534,강북구,삼양동,한산,62.98680228592619,40.81954294720253,85.15406162464986,1.0019447249241988,3.2056360176044945,349.0,108.87075079122693,19.39868041324139,17990.9144625,125.0,28.0,165.0
11230730,11680730,강남구,일원1동,한산,62.547430319645585,27.89598108747045,97.19887955182072,1.6102366846340497,6.498656166071082,572.0,88.01819720611812,45.26306731515392,12637.234591666667,145.0,40.0,74.0
11240680,11710641,송파구,문정1동,한산,62.45240412950051,37.50985027580773,87.39495798319328,1.0748548030143403,3.487504395619589,396.0,113.54824398139483,20.523652653234972,19294.81105,185.0,61.0,70.0
11040540,11200540,성동구,마장동,한산,62.2707948427598,37.70685579196218,86.83473389355743,1.0493703257401128,3.387841997162843,353.0,104.19612257467166,21.10625820580838,16724.897258333334,174.0,32.0,111.0
11040700,11200790,성동구,용답동,한산,60.64889312699076,35.30338849487786,85.99439775910365,1.013824281028773,3.251593271964216,330.0,101.48870796520448,20.6136475489536,16008.8116,201.0,39.0,82.0
11190700,11560700,영등포구,대림1동,한산,60.42539947421049,33.17572892040977,87.6750700280112,1.0976514643028628,3.584344766001477,353.0,98.48382983364344,23.17954817137134,15228.942229166663,189.0,36.0,81.0
11180530,11545620,금천구,독산2동,한산,57.965313785088505,30.496453900709223,85.43417366946778,1.0034990496270444,3.2189534757225955,255.0,79.2182931263886,24.030197712869,10611.648020833332,183.0,38.0,73.0
11170700,11530595,구로구,가리봉동,한산,57.248644138506464,22.340425531914892,92.15686274509804,1.2664605738428971,4.36852723726817,337.0,77.14270318038369,33.186001914125754,10154.884004166666,184.0,14.0,74.0
11150590,11470580,양천구,신월3동,한산,55.99608637781354,16.19385342789598,95.7983193277311,1.495745352707225,5.694285299659233,475.0,83.4169654317155,41.08896259560758,11560.282129166668,84.0,29.0,70.0
11210810,11620775,관악구,난곡동,한산,55.349113640728156,22.18282111899133,88.51540616246498,1.1239063504188451,3.695913852826621,354.0,95.781453274205,24.344814764134128,14541.084145833333,91.0,22.0,95.0
11180600,11545700,금천구,시흥4동,한산,55.328088682281425,12.056737588652481,98.59943977591037,1.8634036888178025,8.734314921406977,616.0,70.52642428660803,70.37062184034319,8753.652929166667,76.0,18.0,72.0
11150610,11470600,양천구,신월5동,한산,55.24531325532577,14.972419227738376,95.51820728291317,1.4872367439729413,5.643625768369841,430.0,76.19215335112578,43.22294463277916,9948.419841666668,121.0,26.0,54.0
11240550,11710540,송파구,마천1동,한산,54.18827105310209,14.539007092198583,93.8375350140056,1.381794914404609,4.9949147007951415,376.0,75.2765607669225,38.55946756779527,9751.1719875,119.0,13.0,73.0
11070550,11260550,중랑구,면목5동,한산,53.23552588884253,8.43183609141056,98.0392156862745,1.7627858578360125,7.760445630727694,634.0,81.69633938155044,56.77156210820368,11167.5630625,76.0,22.0,42.0
11150690,11470670,양천구,신정6동,한산,50.166047506473035,14.617809298660362,85.71428571428571,1.01000362408079,3.236412780416753,341.0,105.36356859772673,20.01458814516218,17037.572670833335,41.0,32.0,72.0
11130750,11410585,서대문구,신촌동,혼잡 주의,53.87322777810887,98.50275807722615,9.243697478991598,-1.351315360036564,0.2060429635692303,46.0,223.25440870755108,0.7721283293805857,59575.58899166667,1132.0,338.0,368.0
11160670,11500611,강서구,발산1동,혼잡 주의,52.309765513770515,91.17415287628053,13.445378151260504,-1.1445000128520777,0.2608904598733164,36.0,137.98894761226967,1.3486601489198622,26693.159154166668,461.0,190.0,246.0
11050530,11215710,광진구,화양동,혼잡 주의,51.69259193038918,90.78014184397163,12.605042016806722,-1.1879037127906782,0.248951176731413,44.0,176.7414823167133,1.0909466571162634,40331.944475,894.0,212.0,167.0
11230650,11680650,강남구,역삼2동,혼잡 주의,51.414300944964275,87.9826635145784,14.84593837535014,-1.084742731258301,0.2813865579777155,52.0,184.79916160074055,1.1968512609829969,43447.3369375,458.0,173.0,195.0
11220530,11650530,서초구,서초3동,혼잡 주의,50.85755342326055,97.79353821907011,3.9215686274509802,-1.9883509556531085,0.0965534079420121,23.0,238.21013147265907,0.3464216503433525,66393.07900416666,908.0,279.0,332.0
11230530,11680531,강남구,논현2동,혼잡 주의,49.48960671739145,96.17809298660363,2.801120448179272,-2.235593832512494,0.070375913347786,13.0,184.72229178406775,0.2994206800046136,43417.174791666665,927.0,262.0,240.0
11190560,11560560,영등포구,당산2동,혼잡 주의,48.977889027951605,82.26950354609929,15.686274509803921,-1.0305769210880673,0.2996800658367874,52.0,173.5183815273198,1.3295113165568488,39112.11537083334,359.0,125.0,192.0
11110790,11350595,노원구,공릉1동,혼잡 주의,47.978789624596885,89.79511426319937,6.162464985994398,-1.588750641282252,0.1542742960356893,26.0,168.53099102124727,0.6979018280894281,37254.523420833335,526.0,162.0,211.0
11080600,11290600,성북구,안암동,혼잡 주의,45.616544490136484,82.2695035460993,8.96358543417367,-1.3606036794164775,0.2012100983286759,26.0,129.2181665630375,1.086631429508051,23927.15625,377.0,156.0,167.0
11050540,11215730,광진구,군자동,혼잡 주의,43.466369999536454,73.20724980299448,13.725490196078432,-1.1193103728352147,0.2681773031842278,33.0,123.05291912541244,1.4961478505607586,22056.64365833333,377.0,102.0,135.0
11240650,11710620,송파구,가락본동,혼잡 주의,42.86525484898451,78.44759653270292,7.282913165266107,-1.5442016885808558,0.1630041141131678,29.0,177.90961999809616,0.7111717219790641,40777.774345833335,538.0,100.0,144.0
11120740,11380625,은평구,역촌동,혼잡 주의,42.758474548211716,81.87549251379038,3.6414565826330536,-2.1141198007284103,0.0814376299445298,14.0,171.9107003670897,0.3635482134636554,38509.3351625,419.0,114.0,176.0
11200720,11590510,동작구,노량진1동,혼잡 주의,42.28499910602539,75.88652482269504,8.683473389355742,-1.4033000617197824,0.192669483122237,33.0,171.2777730299069,0.8622251549499627,38273.065695833335,321.0,95.0,180.0
11010730,11110650,종로구,혜화동,혼잡 주의,42.2530477912205,82.54531126871552,1.9607843137254901,-2.5396754242937374,0.0474204403546309,8.0,168.70362105818657,0.2143725561296922,37318.209683333334,525.0,153.0,145.0
11250670,11740660,강동구,성내3동,혼잡 주의,41.823608876174575,78.60520094562646,5.042016806722689,-1.726245433502336,0.1296279917361709,18.0,138.85889736404314,0.667305613233047,26974.147441666664,466.0,116.0,136.0
11210730,11620735,관악구,대학동,혼잡 주의,40.02473329757434,78.36879432624113,1.680672268907563,-2.801568582891063,0.0328616955536244,5.0,152.15283069739618,0.159162660121504,31414.403329166667,335.0,80.0,283.0
11080810,11290525,성북구,성북동,혼잡 주의,39.158736780764315,66.27265563435776,12.044817927170868,-1.2212008672466002,0.2367268203747193,26.0,109.83123905793234,1.4242167407911186,18255.648354166668,169.0,111.0,166.0
11200680,11590660,동작구,대방동,혼잡 주의,39.10211838872665,68.40031520882584,9.803921568627452,-1.3282123098887766,0.210902692972789,38.0,180.17787949679155,0.9123841707599004,41649.122395833336,229.0,72.0,199.0
11010640,11110640,종로구,이화동,혼잡 주의,34.396832018859556,66.27265563435776,2.5210084033613445,-2.3293070440237074,0.0623543383177557,11.0,176.41114149819623,0.2735894651963864,40206.22647916667,237.0,145.0,119.0
11210780,11620605,관악구,은천동,혼잡 주의,33.90365602505778,60.24428684003152,7.563025210084033,-1.5317571113025772,0.1636459078104643,21.0,128.32584866297012,0.8878505326585546,23652.6298375,307.0,66.0,123.0
11030650,11170650,용산구,이태원1동,혼잡 주의,32.7351980981518,61.26871552403468,4.201680672268908,-1.8785394379086564,0.1037046418117954,9.0,86.78492922557237,0.7290529488920666,12344.782383333331,582.0,99.0,71.0
