adm_cd,admi_cd,sgg_nm,admi_nm,확충필요성,구분,판정_유동,판정_정주,z_유동,z_정주,living_pop,households,apartment,non_apt_households,apt_ratio,parking_slots,slots_per_100_nonapt
11050530,11215710,광진구,화양동,검토대상,유동만 부족(방문객 수요형),공급부족,보통,-1.181935995203459,-0.9381878862806704,40331.944475,17705,1594.0,16111.0,0.0900310646709968,44.0,0.2731053317609087
11130750,11410585,서대문구,신촌동,검토대상,유동만 부족(방문객 수요형),공급부족,보통,-1.3387014561954478,-0.8851834350482726,59575.58899166667,14258,1562.0,12696.0,0.1095525319119091,46.0,0.3623188405797101
11190560,11560560,영등포구,당산2동,검토대상,유동만 부족(아파트 흡수형),공급부족,보통,-1.025144705119329,-0.7572152704606502,39112.11537083334,17737,9151.0,8586.0,0.5159271579184755,52.0,0.605637083624505
11230650,11680650,강남구,역삼2동,검토대상,유동만 부족(아파트 흡수형),공급부족,보통,-1.0775187735785083,-0.7282230310240578,43447.3369375,14345,8698.0,5647.0,0.6063436737539212,52.0,0.92084292544714
11240800,11710680,송파구,잠실3동,검토대상,유동만 부족(아파트 흡수형),공급부족,보통,-1.3135587673518543,-0.5969620202123641,60892.22084166666,11157,10831.0,326.0,0.9707806758089093,48.0,14.723926380368098
11070650,11260630,중랑구,묵2동,검토대상,일치,공급부족,공급부족,-3.4522001458273586,-3.4937399288563773,17291.35295416667,8487,1649.0,6838.0,0.1942971603629079,1.0,0.0146241591108511
11080640,11290640,성북구,정릉3동,검토대상,일치,공급부족,공급부족,-3.3124305060560095,-3.489665873380823,13061.516195833334,7192,745.0,6447.0,0.103587319243604,1.0,0.0155110904296572
11250650,11740640,강동구,성내1동,검토대상,일치,공급부족,공급부족,-3.49918482502659,-3.46290379836946,19001.349120833333,7718,3339.0,4379.0,0.4326250323918113,1.0,0.0228362639872116
11220640,11650620,서초구,방배3동,검토대상,일치,공급부족,공급부족,-3.4786827441138786,-3.369390647264722,18235.31510833333,5286,4153.0,1133.0,0.7856602345819145,1.0,0.088261253309797
11050660,11215840,광진구,자양3동,검토대상,일치,공급부족,공급부족,-2.869488488054756,-2.6735425190466575,26334.85229583333,10226,6938.0,3288.0,0.6784666536280071,4.0,0.121654501216545
11210730,11620735,관악구,대학동,검토대상,일치,공급부족,공급부족,-2.799712054282805,-2.625921446966828,31414.403329166667,17519,2414.0,15105.0,0.137793253039557,5.0,0.033101621979477
11180610,11545710,금천구,시흥5동,검토대상,일치,공급부족,공급부족,-2.252297813250202,-2.570797992693836,10470.299904166666,8187,1377.0,6810.0,0.1681934774642726,5.0,0.0734214390602055
11210610,11620615,관악구,중앙동,검토대상,일치,공급부족,공급부족,-2.210818166743138,-2.4593100725480666,12589.065041666669,9836,1006.0,8830.0,0.1022773485156567,6.0,0.0679501698754246
11040590,11200590,성동구,금호1가동,검토대상,일치,공급부족,공급부족,-2.376811286502741,-2.4429706881867106,13443.050429166666,5901,4828.0,1073.0,0.8181664124724622,5.0,0.4659832246039142
11010730,11110650,종로구,혜화동,검토대상,일치,공급부족,공급부족,-2.534913259861486,-2.243435970404925,37318.20968333333,9113,876.0,8237.0,0.096126412816855,8.0,0.0971227388612358
11030650,11170650,용산구,이태원1동,검토대상,일치,공급부족,공급부족,-1.8926407266703593,-2.071816692691759,12344.782383333331,3104,627.0,2477.0,0.2019974226804123,9.0,0.3633427533306419
11210660,11620665,관악구,서림동,검토대상,일치,공급부족,공급부족,-1.7487783276450013,-1.9638205186642412,14582.6426625,14348,1784.0,12564.0,0.1243378868134931,12.0,0.0955109837631327
11040720,11200615,성동구,금호2.3가동,검토대상,일치,공급부족,공급부족,-1.861637600736937,-1.9468294679317864,15917.781179166666,8662,4942.0,3720.0,0.5705379819903025,11.0,0.2956989247311828
11010640,11110640,종로구,이화동,검토대상,일치,공급부족,공급부족,-2.323295457151076,-1.9452303179304666,40206.22647916667,3820,185.0,3635.0,0.0484293193717277,11.0,0.3026134800550206
11120740,11380625,은평구,역촌동,검토대상,일치,공급부족,공급부족,-2.1088596108444873,-1.8643914575619571,38509.3351625,19595,2637.0,16958.0,0.1345751467211023,14.0,0.0825569052954357
11230530,11680531,강남구,논현2동,검토대상,일치,공급부족,공급부족,-2.228283932462004,-1.8561183459584123,43417.174791666665,10002,3489.0,6513.0,0.3488302339532093,13.0,0.1996007984031935
11100540,11320681,도봉구,쌍문4동,검토대상,일치,공급부족,공급부족,-1.63486560516402,-1.7801423470925068,11602.163179166666,6842,5959.0,883.0,0.8709441683718211,12.0,1.359003397508494
11140630,11440630,마포구,신수동,검토대상,일치,공급부족,공급부족,-1.5801337797171142,-1.7178056924694796,14905.195808333332,9694,5232.0,4462.0,0.5397152878068908,15.0,0.3361721201255042
11210640,11620645,관악구,서원동,검토대상,일치,공급부족,공급부족,-1.561661795804797,-1.6490754281530104,19353.7863,14379,1074.0,13305.0,0.07469225954517,18.0,0.1352874859075535
11250670,11740660,강동구,성내3동,검토대상,일치,공급부족,공급부족,-1.7270710152649889,-1.6057345347733827,26974.147441666664,9913,2801.0,7112.0,0.2825582568344598,18.0,0.2530933633295838
11110690,11350670,노원구,상계5동,검토대상,일치,공급부족,공급부족,-1.4822386214296976,-1.5930531880130165,16501.922150000002,9895,3974.0,5921.0,0.4016169782718545,18.0,0.3040027022462422
11080630,11290630,성북구,정릉2동,검토대상,일치,공급부족,공급부족,-1.4386278702670654,-1.5924074734510578,15118.884108333334,8977,3111.0,5866.0,0.3465523003230478,18.0,0.3068530514831231
11130650,11410655,서대문구,홍제2동,검토대상,일치,공급부족,공급부족,-1.189650439164381,-1.5357289705851567,8350.846154166667,5053,3712.0,1341.0,0.7346131011280428,17.0,1.267710663683818
11210780,11620605,관악구,은천동,검토대상,일치,공급부족,공급부족,-1.5348332401367797,-1.4991784367168193,23652.6298375,15082,6046.0,9036.0,0.400875215488662,21.0,0.2324037184594953
11060910,11230600,동대문구,답십리1동,검토대상,일치,공급부족,공급부족,-1.432982959673513,-1.4176995183391945,20825.9234125,12178,7404.0,4774.0,0.6079816061750698,22.0,0.4608294930875576
11210620,11620625,관악구,인헌동,검토대상,일치,공급부족,공급부족,-1.3104903893366069,-1.4158446359964783,18822.534183333333,14048,1261.0,12787.0,0.0897636674259681,24.0,0.1876906232892781
11220530,11650530,서초구,서초3동,검토대상,일치,공급부족,공급부족,-1.9738408796359184,-1.4152294452554586,66393.07900416666,14019,6297.0,7722.0,0.4491761181254012,23.0,0.2978502978502978
11010550,11110550,종로구,부암동,검토대상,일치,공급부족,공급부족,-1.0728796097434765,-1.398056393154668,10108.941758333332,3715,121.0,3594.0,0.0325706594885598,22.0,0.6121313299944352
11010710,11110710,종로구,숭인2동,검토대상,일치,공급부족,공급부족,-1.2343471785337246,-1.3806542522870484,15049.998475,6402,1717.0,4685.0,0.2681974383005311,23.0,0.4909284951974386
11110760,11350665,노원구,상계3.4동,검토대상,일치,공급부족,공급부족,-1.2729312927561682,-1.3509555179369939,17455.75734583333,11352,6346.0,5006.0,0.5590204369274137,24.0,0.4794246903715541
11070570,11260570,중랑구,면목7동,검토대상,일치,공급부족,공급부족,-1.1109558884262511,-1.3369959616334974,13499.240441666669,9760,3174.0,6586.0,0.3252049180327869,25.0,0.3795930762222897
11110790,11350595,노원구,공릉1동,검토대상,일치,공급부족,공급부족,-1.5840982839091726,-1.3259009979137522,37254.523420833335,18099,9229.0,8870.0,0.509917675009669,26.0,0.2931228861330327
11080600,11290600,성북구,안암동,검토대상,일치,공급부족,공급부족,-1.3634981569663938,-1.3238183126118095,23927.15625,10001,1394.0,8607.0,0.1393860613938606,26.0,0.3020797025676774
11080810,11290525,성북구,성북동,검토대상,일치,공급부족,공급부족,-1.2287066269395877,-1.3067864134397877,18255.648354166668,7300,571.0,6729.0,0.0782191780821917,26.0,0.3863872789418933
11190750,11560585,영등포구,도림동,검토대상,일치,공급부족,공급부족,-1.0581210861726333,-1.2832306320729638,13807.413970833331,9123,1679.0,7444.0,0.1840403376082429,27.0,0.3627082213863514
11250560,11740560,강동구,고덕2동,검토대상,일치,공급부족,공급부족,-1.3483636461735427,-1.2536540530483495,23211.267129166667,9928,6806.0,3122.0,0.685535858178888,26.0,0.8327994875080076
11050580,11215770,광진구,중곡4동,검토대상,일치,공급부족,공급부족,-1.200962387621531,-1.2270218633250767,21945.297583333333,11936,572.0,11364.0,0.0479222520107238,30.0,0.2639915522703273
11240650,11710620,송파구,가락본동,검토대상,일치,공급부족,공급부족,-1.5380168057710424,-1.2085674042219323,40777.774345833335,10728,4882.0,5846.0,0.4550708426547353,29.0,0.4960656859391036
11130720,11410720,서대문구,북가좌2동,검토대상,일치,공급부족,공급부족,-1.2571975114837153,-1.2018399858869717,25959.0891625,13572,1962.0,11610.0,0.1445623342175066,31.0,0.2670111972437554
11130620,11410620,서대문구,홍제1동,검토대상,일치,공급부족,공급부족,-1.1850368152137607,-1.1660795043794272,21254.928254166665,10386,5676.0,4710.0,0.5465049104563836,30.0,0.6369426751592357
11050540,11215730,광진구,군자동,검토대상,일치,공급부족,공급부족,-1.1236092357668457,-1.1427212368836042,22056.64365833333,11085,773.0,10312.0,0.0697338746053225,33.0,0.3200155159038014
11200720,11590510,동작구,노량진1동,검토대상,일치,공급부족,공급부족,-1.398204877567385,-1.1384448727957655,38273.065695833335,18239,8545.0,9694.0,0.468501562585668,33.0,0.3404167526304931
11070590,11260580,중랑구,상봉1동,검토대상,일치,공급부족,공급부족,-1.1118295389721822,-1.1286794966258376,19389.9578375,9424,5391.0,4033.0,0.5720500848896435,31.0,0.7686585668237045
11040730,11200645,성동구,옥수동,검토대상,일치,공급부족,공급부족,-1.3056999853129345,-1.0250211444817885,28613.247870833333,9929,9028.0,901.0,0.9092557155806223,31.0,3.4406215316315207
11200680,11590660,동작구,대방동,검토대상,일치,공급부족,공급부족,-1.3216863099595384,-1.011085946328598,41649.122395833336,15246,7111.0,8135.0,0.4664174209628755,38.0,0.4671173939766441
11160670,11500611,강서구,발산1동,검토대상,일치,공급부족,공급부족,-1.1455530353073144,-1.0017532840176668,26693.159154166668,12810,9058.0,3752.0,0.7071038251366121,36.0,0.9594882729211088
11030510,11170510,용산구,후암동,검토대상,일치,보통,보통,-0.639535057973932,-0.9767861933544981,11068.1792625,7315,577.0,6738.0,0.0788790157211209,39.0,0.578806767586821
11100510,11320660,도봉구,쌍문1동,검토대상,일치,보통,보통,-0.711943323641919,-0.9578425064341626,13360.007070833331,9027,2112.0,6915.0,0.2339647723496178,40.0,0.5784526391901663
11010560,11110560,종로구,평창동,검토대상,일치,보통,보통,-0.8538450763359778,-0.9388881750396111,17762.3492375,6199,941.0,5258.0,0.1517986772060009,40.0,0.7607455306200076
11190690,11560690,영등포구,신길7동,검토대상,일치,보통,보통,-0.9348639247027812,-0.9186941324444279,18316.795283333333,7449,5888.0,1561.0,0.7904416700228218,37.0,2.370275464445868
11030590,11170590,용산구,용문동,검토대상,일치,보통,보통,-0.3626597201479196,-0.9152607364423925,6349.134008333333,4988,2219.0,2769.0,0.4448676824378508,39.0,1.4084507042253522
11130690,11410690,서대문구,남가좌1동,검토대상,일치,보통,보통,-0.7893153825975764,-0.9149331420167804,10706.2759,5841,5575.0,266.0,0.9544598527649376,32.0,12.030075187969924
11010670,11110670,종로구,창신1동,검토대상,일치,보통,보통,-0.6521139772225264,-0.8791567584928257,11351.187866666667,2375,732.0,1643.0,0.3082105263157895,39.0,2.373706634205721
11100590,11320511,도봉구,창1동,검토대상,일치,보통,보통,-0.788084449732149,-0.8602042047144441,16907.415254166666,10206,7200.0,3006.0,0.7054673721340388,42.0,1.3972055888223551
11110640,11350624,노원구,중계4동,검토대상,일치,보통,보통,-0.7570294889440196,-0.8314413527223848,14011.865570833334,7783,6959.0,824.0,0.8941282281896441,39.0,4.733009708737864
11150580,11470570,양천구,신월2동,검토대상,일치,보통,보통,-0.5009511895161808,-0.8242393658027783,10681.1647125,8132,4079.0,4053.0,0.5015986227250369,45.0,1.1102886750555143
11020650,11140650,중구,신당5동,검토대상,일치,보통,보통,-0.3316268482249076,-0.800985369192717,7603.510966666666,5094,2198.0,2896.0,0.4314880251276011,45.0,1.5538674033149171
11150600,11470590,양천구,신월4동,검토대상,일치,보통,보통,-0.441755218190999,-0.7869149345731479,9845.262791666666,6448,3380.0,3068.0,0.5241935483870968,46.0,1.4993481095176011
11100550,11320690,도봉구,방학1동,검토대상,일치,보통,보통,-0.818707435921846,-0.7484003791605995,25844.547166666667,12228,4669.0,7559.0,0.3818285901210337,52.0,0.6879216827622702
11200710,11590605,동작구,흑석동,검토대상,일치,보통,보통,-0.9014897405537907,-0.7470801231779389,27580.90945833333,12139,8483.0,3656.0,0.69882197874619,49.0,1.3402625820568927
11240710,11710650,송파구,잠실본동,검토대상,일치,보통,보통,-0.9504092000851978,-0.7107736204310556,39365.51819166667,14901,1794.0,13107.0,0.1203946043889671,57.0,0.434882124055848
11140730,11440730,마포구,성산2동,검토대상,일치,보통,보통,-0.9119964121831017,-0.6977260240825446,35361.0376875,18277,9488.0,8789.0,0.5191223942660174,56.0,0.6371600864717261
11170510,11530510,구로구,신도림동,검토대상,일치,보통,보통,-0.9643125731241425,-0.6895727620554633,34616.79232083333,13709,10479.0,3230.0,0.7643883580129842,52.0,1.609907120743034
11080770,11290770,성북구,장위2동,검토대상,일치,보통,보통,-0.4139269735778264,-0.6792704232350809,12619.180116666668,7146,1716.0,5430.0,0.2401343408900084,55.0,1.0128913443830572
11150540,11470540,양천구,목4동,검토대상,일치,보통,보통,-0.49326080489624013,-0.6774229416344486,15259.0251625,9326,2772.0,6554.0,0.2972335406390735,56.0,0.8544400366188587
11240630,11710600,송파구,석촌동,검토대상,일치,보통,보통,-0.6707031173262713,-0.662512044246904,25210.1068625,15802,1142.0,14660.0,0.0722693329958233,61.0,0.4160982264665757
11160570,11500550,강서구,화곡2동,검토대상,일치,보통,보통,-0.2347676036203131,-0.655881029573688,9642.553554166669,7622,326.0,7296.0,0.0427709262660718,58.0,0.7949561403508772
11200560,11590560,동작구,상도4동,검토대상,일치,보통,보통,-0.45695952231332426,-0.6492776268304681,16415.736625,13561,1453.0,12108.0,0.1071454907455202,61.0,0.5037991410637594
11020720,11140645,중구,청구동,검토대상,일치,보통,보통,-0.1629225804551431,-0.6385105660918106,6704.4549916666665,4865,3640.0,1225.0,0.7482014388489209,51.0,4.163265306122449
11200550,11590550,동작구,상도3동,검토대상,일치,보통,보통,-0.36540350420043927,-0.5993628880285208,14827.5305375,11394,950.0,10444.0,0.0833772160786378,64.0,0.6127920337035618
11110600,11350619,노원구,중계본동,검토대상,일치,보통,보통,-0.7027603437478882,-0.5992409938094033,21838.396579166667,7388,6016.0,1372.0,0.8142934488359502,54.0,3.9358600583090384
11200630,11590620,동작구,사당1동,검토대상,일치,보통,보통,-0.5212179666242079,-0.5974416606663184,20815.968104166663,12899,673.0,12226.0,0.0521745871773005,65.0,0.5316538524456077
11120550,11380551,은평구,갈현1동,검토대상,일치,보통,보통,-0.5070265397438339,-0.5961073264727303,18151.0921375,6573,958.0,5615.0,0.1457477559713981,61.0,1.0863757791629565
11170690,11530790,구로구,수궁동,검토대상,일치,보통,보통,-0.4097753462779982,-0.5914633795039892,15778.3279375,9262,1543.0,7719.0,0.1665946879723601,63.0,0.8161678973960357
11090640,11305625,강북구,수유2동,검토대상,일치,보통,보통,-0.403922884402924,-0.5910828659125648,15173.622883333335,8891,2550.0,6341.0,0.2868068833652007,62.0,0.9777637596593598
11080760,11290760,성북구,장위1동,검토대상,일치,보통,보통,-0.42928512619600134,-0.5796332281705222,16855.957045833333,9641,1788.0,7853.0,0.1854579400477129,64.0,0.8149751687253279
11240570,11710561,송파구,방이1동,검토대상,일치,보통,보통,-0.5642879471585228,-0.5791629795435101,19795.20519583333,5763,2155.0,3608.0,0.3739371854936665,60.0,1.662971175166297
11060720,11230720,동대문구,휘경1동,검토대상,일치,보통,보통,-0.4933930510887694,-0.5771986910469886,17169.696445833335,8435,4928.0,3507.0,0.5842323651452282,60.0,1.710863986313088
11050640,11215820,광진구,자양1동,검토대상,일치,보통,보통,-0.49147969778890016,-0.5722076018212064,20128.393108333334,11135,945.0,10190.0,0.0848675348001796,66.0,0.6476938174681061
11020520,11140520,중구,소공동,검토대상,일치,보통,보통,-0.8218593377721354,-0.5691513661626958,25162.8179875,1121,672.0,449.0,0.5994647636039251,51.0,11.358574610244988
11200690,11590670,동작구,신대방1동,검토대상,일치,보통,보통,-0.4591965738967757,-0.5610287420238889,17423.706416666668,9810,4838.0,4972.0,0.4931702344546381,63.0,1.2670957361222848
11160740,11500615,강서구,우장산동,검토대상,일치,보통,보통,-0.723330737982741,-0.5316086708649254,32055.69426666667,16371,10704.0,5667.0,0.6538391057357522,66.0,1.1646373742721017
11140750,11440585,마포구,도화동,검토대상,일치,보통,보통,-0.48228554725790523,-0.520332957428763,18250.160516666667,8602,5841.0,2761.0,0.6790281329923273,63.0,2.281781963056864
11210650,11620655,관악구,신원동,검토대상,일치,보통,보통,-0.21376244451716458,-0.5083870480838553,13061.015945833336,10375,670.0,9705.0,0.064578313253012,71.0,0.7315816589386913
11050560,11215750,광진구,중곡2동,검토대상,일치,보통,보통,-0.28152084827851476,-0.4942834986861885,15326.323154166666,9654,296.0,9358.0,0.0306608659622954,72.0,0.7693951699081001
11160660,11500605,강서구,가양3동,검토대상,일치,보통,보통,-0.20971075255088514,-0.4838968779740284,8636.833841666667,7246,6847.0,399.0,0.9449351366271046,56.0,14.035087719298245
11040580,11200580,성동구,응봉동,검토대상,일치,보통,보통,-0.009030433892281161,-0.45790907373010076,7445.977645833334,5427,3800.0,1627.0,0.7002026902524415,65.0,3.995082974800246
11160690,11500620,강서구,공항동,검토대상,일치,보통,보통,-0.5751948860160613,-0.45212483094181166,29633.3371,12747,4451.0,8296.0,0.3491801992625716,75.0,0.904050144648023
11080850,11290810,성북구,석관동,검토대상,일치,보통,보통,-0.4747532083079576,-0.4458500296216341,25340.0663625,15332,4947.0,10385.0,0.3226584920427863,77.0,0.7414540202214732
11120570,11380560,은평구,구산동,검토대상,일치,보통,보통,-0.3846664329549967,-0.4391529753757915,21148.624175,12384,2957.0,9427.0,0.2387758397932816,77.0,0.8168028004667445
11140770,11440565,마포구,공덕동,검토대상,일치,보통,보통,-0.516119795962868,-0.43896922908187136,27533.753770833337,16469,7067.0,9402.0,0.4291092355334264,77.0,0.8189746862369708
11060860,11230610,동대문구,답십리2동,검토대상,일치,보통,보통,-0.38076053272889904,-0.43060348317619246,18704.377845833333,11830,8102.0,3728.0,0.6848689771766695,72.0,1.9313304721030045
11050590,11215780,광진구,능동,검토대상,일치,보통,보통,-0.24561680521705628,-0.4096324595962077,15998.373916666666,6190,37.0,6153.0,0.0059773828756058,77.0,1.2514220705346986
11230600,11680600,강남구,대치1동,검토대상,일치,보통,보통,-0.8461571285752698,-0.4067406753582058,31933.33614583333,6956,6795.0,161.0,0.9768545140885566,57.0,35.40372670807454
11240580,11710562,송파구,방이2동,검토대상,일치,보통,보통,-0.6796400536044631,-0.4028869996976669,43476.52393333334,15074,1353.0,13721.0,0.0897571978240679,83.0,0.6049121784126522
11060880,11230660,동대문구,장안2동,검토대상,일치,보통,보통,-0.5205167547076865,-0.39294103731294344,29658.12404583333,13665,6022.0,7643.0,0.4406878887669228,80.0,1.046709407300798
11200660,11590650,동작구,사당4동,검토대상,일치,보통,보통,-0.08265982123301736,-0.37394408312621097,12316.131783333332,6783,975.0,5808.0,0.1437417072091994,80.0,1.3774104683195594
11100610,11320513,도봉구,창3동,검토대상,일치,보통,보통,0.05636321613945823,-0.3600743771149653,9317.222983333331,5882,1129.0,4753.0,0.1919415164909894,80.0,1.6831474857984432
11150520,11470520,양천구,목2동,검토대상,일치,보통,보통,-0.20515654058806593,-0.3574672358271966,17474.356729166666,12303,2833.0,9470.0,0.2302690400715272,85.0,0.8975712777191129
11060890,11230740,동대문구,이문1동,검토대상,일치,보통,보통,-0.5098294451128645,-0.3477637527492559,30919.9606875,11398,5212.0,6186.0,0.4572732058255834,83.0,1.3417394115745231
11070600,11260590,중랑구,상봉2동,검토대상,일치,보통,보통,-0.38804392983995645,-0.3460716746294563,25735.4878375,12517,3275.0,9242.0,0.2616441639370456,86.0,0.9305345163384549
11010690,11110690,종로구,창신3동,검토대상,일치,보통,보통,0.4472182355953643,-0.3389593687855129,3465.4136333333336,2548,1710.0,838.0,0.6711145996860283,71.0,8.47255369928401
11120600,11380590,은평구,응암2동,검토대상,일치,보통,보통,-0.21351191256399488,-0.32071878643117396,16015.368229166668,10350,7659.0,2691.0,0.74,80.0,2.972872538089929
11110650,11350630,노원구,상계1동,검토대상,일치,보통,보통,-0.488340401359516,-0.3077107977963694,30229.27179166667,14659,10656.0,4003.0,0.7269254382972917,84.0,2.0984261803647266
11100520,11320670,도봉구,쌍문2동,검토대상,일치,보통,보통,-0.11096534098205305,-0.3032882163867784,14757.410645833334,7795,2815.0,4980.0,0.3611289288005131,86.0,1.7269076305220885
11010630,11110630,종로구,종로5.6가동,검토대상,일치,보통,보통,-0.20244836711263858,-0.27917467177871536,17030.398425,3112,462.0,2650.0,0.1484575835475578,84.0,3.1698113207547167
11110610,11350621,노원구,중계1동,검토대상,일치,보통,보통,-0.5128970983803222,-0.2687425640716958,21559.79282083333,8643,8492.0,151.0,0.9825292143931506,67.0,44.37086092715232
11180590,11545690,금천구,시흥3동,검토대상,일치,보통,보통,0.10206856574053176,-0.26664560716473173,10010.132466666668,4356,492.0,3864.0,0.1129476584022038,88.0,2.2774327122153206
11060730,11230730,동대문구,휘경2동,검토대상,일치,보통,보통,-0.04954324030619379,-0.2618440236643602,14921.035675,11918,4919.0,6999.0,0.4127370364155059,93.0,1.3287612516073724
11160650,11500604,강서구,가양2동,검토대상,일치,보통,보통,-0.1878924877776966,-0.26178611144590774,14888.175658333334,7462,6475.0,987.0,0.8677298311444653,79.0,8.00405268490375
11230670,11680656,강남구,도곡2동,검토대상,일치,보통,보통,-0.413899990231565,-0.24731171027208249,24980.110008333333,10591,9339.0,1252.0,0.8817864224341422,82.0,6.549520766773163
11060800,11230705,동대문구,청량리동,검토대상,일치,보통,보통,-0.2533702268555158,-0.24124685705069793,22463.12745,8674,3477.0,5197.0,0.4008531242794558,93.0,1.7894939388108524
11030690,11170690,용산구,서빙고동,검토대상,일치,보통,보통,-0.1861550227880594,-0.2283694306760625,17851.835404166664,4583,2361.0,2222.0,0.5151647392537639,88.0,3.96039603960396
11200520,11590520,동작구,노량진2동,검토대상,일치,보통,보통,-0.071255973006067,-0.2267027279850595,15874.564466666665,5060,271.0,4789.0,0.0535573122529644,94.0,1.9628314888285652
11220510,11650510,서초구,서초1동,검토대상,일치,보통,보통,-0.34953925409094716,-0.21966788325572315,27750.65642916667,8840,4514.0,4326.0,0.5106334841628959,94.0,2.1729079981507167
11110660,11350640,노원구,상계2동,검토대상,일치,보통,보통,-0.4293996475421949,-0.2184090346192186,32574.983216666664,8071,3823.0,4248.0,0.4736711683806219,94.0,2.212806026365348
11020710,11140635,중구,약수동,검토대상,일치,보통,보통,-0.016769048732214593,-0.21603193162264842,12706.657479166666,7120,5261.0,1859.0,0.7389044943820224,88.0,4.733727810650888
11190620,11560620,영등포구,양평2동,검토대상,일치,보통,보통,-0.243093042138499,-0.19944129438856015,24499.034716666665,10653,4634.0,6019.0,0.4349948371350793,99.0,1.6447914936035886
11220550,11650540,서초구,잠원동,검토대상,일치,보통,보통,-0.4813372483010322,-0.19703688535182945,34843.2583375,12532,10123.0,2409.0,0.807772103415257,92.0,3.8190120381901207
11110510,11350560,노원구,월계1동,검토대상,일치,보통,보통,-0.08690981183458396,-0.18946758260439034,17906.414712499998,9530,4319.0,5211.0,0.4532004197271773,99.0,1.8998272884283247
11160580,11500560,강서구,화곡3동,검토대상,일치,보통,보통,-0.024023865568825315,-0.18884070793861693,15783.095025,9003,3839.0,5164.0,0.426413417749639,99.0,1.91711851278079
11250540,11740540,강동구,명일2동,검토대상,일치,보통,보통,-0.09564079082347059,-0.16209084451333988,16670.845862500002,6013,4131.0,1882.0,0.6870114751372027,94.0,4.994686503719448
11070640,11260620,중랑구,묵1동,검토대상,일치,보통,보통,-0.10259949709670606,-0.1475574587868217,21119.949754166668,13990,6753.0,7237.0,0.4827019299499642,107.0,1.478513196075722
11190760,11560605,영등포구,문래동,검토대상,일치,보통,보통,-0.4552870184550401,-0.14457510262964743,39481.017925,12193,8294.0,3899.0,0.6802263593865333,102.0,2.6160553988202104
11240810,11710646,송파구,장지동,검토대상,일치,보통,보통,-0.2939310337053124,-0.14237265805617724,28079.423529166663,12553,9198.0,3355.0,0.7327332111845773,101.0,3.0104321907600595
11070690,11260680,중랑구,신내1동,검토대상,일치,보통,보통,-0.349313431666706,-0.13828512393701597,30848.700070833333,13849,11043.0,2806.0,0.7973860928586901,100.0,3.5637918745545263
11070700,11260690,중랑구,신내2동,검토대상,일치,보통,보통,-0.048187039469651735,-0.12223844542549428,13010.2856625,8407,8044.0,363.0,0.956821696205543,86.0,23.69146005509642
11220650,11650621,서초구,방배4동,검토대상,일치,보통,보통,-0.1668288312916976,-0.11227067411513612,24803.312504166668,9005,3575.0,5430.0,0.3970016657412548,109.0,2.007366482504604
11080780,11290780,성북구,장위3동,검토대상,일치,보통,보통,0.2126394684694308,-0.10879548772212241,9645.332658333333,7291,5854.0,1437.0,0.8029076944177753,98.0,6.819763395963814
11160530,11500530,강서구,등촌2동,검토대상,일치,보통,보통,0.16440924160062068,-0.10432536906361113,12959.785716666667,8064,2661.0,5403.0,0.329985119047619,110.0,2.0359059781602813
11020570,11140570,중구,필동,검토대상,일치,보통,보통,0.0929058465126599,-0.0938195664593089,13138.493629166667,2527,655.0,1872.0,0.259200633161852,102.0,5.448717948717949
11200700,11590680,동작구,신대방2동,검토대상,일치,보통,보통,-0.0169580811312219,-0.08713174178724221,19534.115416666667,10301,4476.0,5825.0,0.4345209202990001,113.0,1.9399141630901289
11020580,11140580,중구,장충동,검토대상,일치,보통,보통,0.08151651638119453,-0.08697592135707599,14361.216554166667,2885,192.0,2693.0,0.0665511265164644,106.0,3.9361307092461937
11210580,11620585,관악구,낙성대동,검토대상,일치,보통,보통,-0.12767248888441696,-0.08346879097141471,26281.709966666665,10861,1559.0,9302.0,0.1435411103949912,118.0,1.2685443990539669
11030660,11170660,용산구,이태원2동,검토대상,일치,보통,보통,0.2247393993391113,-0.08325562007540174,11302.814720833334,4214,644.0,3570.0,0.1528239202657807,109.0,3.053221288515406
11170640,11530750,구로구,개봉2동,검토대상,일치,보통,보통,-0.019926378165794668,-0.07926535422749986,19650.8406875,12068,6869.0,5199.0,0.5691912495856811,113.0,2.173494902865936
11020670,11140670,중구,황학동,검토대상,일치,보통,보통,0.23652405485456762,-0.07321974950133776,11744.557641666666,7398,2634.0,4764.0,0.3560421735604217,113.0,2.3719563392107474
11090720,11305555,강북구,송천동,검토대상,일치,보통,보통,-0.03428957820905624,-0.06868563371011965,22429.3855625,10477,1280.0,9197.0,0.1221723775890044,120.0,1.3047732956398823
11240610,11710580,송파구,송파1동,검토대상,일치,보통,보통,-0.10913634846525838,-0.062472251447379015,26817.29948333333,11613,1355.0,10258.0,0.1166795832256953,122.0,1.1893156560733087
11030520,11170520,용산구,용산2가동,검토대상,일치,보통,보통,0.17772491707216337,-0.05539854999790041,13417.599016666669,4358,264.0,4094.0,0.0605782469022487,114.0,2.784562774792379
11140610,11440610,마포구,염리동,검토대상,일치,보통,보통,0.056702056830026715,-0.052345779679930086,16339.736983333334,7201,4359.0,2842.0,0.6053325926954589,111.0,3.9057002111189294
11250580,11740580,강동구,암사2동,검토대상,일치,보통,보통,0.1427368523488434,-0.050981653114515794,13115.492945833334,6098,4094.0,2004.0,0.6713676615283699,108.0,5.389221556886228
11070710,11260565,중랑구,면목본동,검토대상,일치,보통,보통,-0.03473606738306567,-0.04904744837013084,25087.732154166664,16240,1179.0,15061.0,0.0725985221674876,128.0,0.8498771661908241
11130640,11410640,서대문구,홍제3동,검토대상,일치,보통,보통,0.1589431627861862,-0.04739665612426751,14144.014991666663,7521,3470.0,4051.0,0.4613748171785666,115.0,2.838805233275734
11160540,11500535,강서구,등촌3동,검토대상,일치,보통,보통,-0.26681939227447,-0.02889752197696533,30315.69477083333,14264,12637.0,1627.0,0.8859366236679753,109.0,6.699446834665028
11210630,11620630,관악구,남현동,검토대상,일치,보통,보통,-0.016781038086707056,-0.02775084528549404,22595.15221666667,8962,2110.0,6852.0,0.2354385181879044,123.0,1.7950963222416811
11080590,11290590,성북구,돈암2동,검토대상,일치,보통,보통,0.17291384873726373,-0.02120636755245562,10814.898070833333,8092,7576.0,516.0,0.9362333168561542,100.0,19.379844961240316
11040690,11200720,성동구,송정동,검토대상,일치,보통,보통,0.4510027186271863,-0.00994510194537772,8468.191941666666,4750,815.0,3935.0,0.171578947368421,120.0,3.0495552731893265
11100600,11320512,도봉구,창2동,검토대상,일치,보통,보통,-0.016848718913801915,0.006397518933630183,25188.2140375,11839,2905.0,8934.0,0.2453754540079398,131.0,1.4663084844414596
11130730,11410565,서대문구,충현동,검토대상,일치,보통,보통,-0.15015894871053734,0.012781452627977172,31627.939283333337,9232,3069.0,6163.0,0.3324306759098787,128.0,2.0769105954892098
11120680,11380650,은평구,수색동,검토대상,일치,보통,보통,0.16414587791752205,0.02009966450347781,13170.053270833334,8173,7176.0,997.0,0.8780129695338309,111.0,11.133400200601804
11050550,11215740,광진구,중곡1동,검토대상,일치,보통,보통,0.26238913203572495,0.024217704624423547,14570.730316666668,8015,447.0,7568.0,0.0557704304429195,132.0,1.744186046511628
11010700,11110700,종로구,숭인1동,검토대상,일치,보통,보통,0.4164992841154836,0.02775676571695628,8945.669983333333,2714,651.0,2063.0,0.239867354458364,119.0,5.768298594280175
11020550,11140550,중구,명동,검토대상,일치,보통,보통,-0.4726683575184419,0.02926904403285871,46549.73484166667,1006,223.0,783.0,0.2216699801192843,110.0,14.0485312899106
11130520,11410520,서대문구,천연동,검토대상,일치,보통,보통,0.2759005805086511,0.03148427106716182,12034.553,7128,4966.0,2162.0,0.69668911335578,120.0,5.550416281221091
11220620,11650600,서초구,방배1동,검토대상,일치,보통,보통,0.03248554679280934,0.03159702468577822,22217.07694583333,7122,1965.0,5157.0,0.2759056444818871,129.0,2.501454333915067
11250590,11740590,강동구,암사3동,검토대상,일치,보통,보통,0.14294679892797493,0.034194722411473415,14387.674433333334,5760,4639.0,1121.0,0.8053819444444444,114.0,10.16949152542373
11210570,11620575,관악구,행운동,검토대상,일치,보통,보통,0.12224494852561597,0.037845993339763136,21626.935741666664,17319,3560.0,13759.0,0.2055545932213176,141.0,1.024783777890835
11220680,11650660,서초구,내곡동,검토대상,일치,보통,보통,0.007942891066436837,0.04420017727344924,20902.97932083333,6541,4553.0,1988.0,0.696070937165571,121.0,6.086519114688129
11240510,11710510,송파구,풍납1동,검토대상,일치,보통,보통,0.23819608253848013,0.04468097158764246,14118.0830875,4780,1565.0,3215.0,0.3274058577405858,126.0,3.919129082426128
11070680,11260660,중랑구,망우3동,검토대상,일치,보통,보통,0.608113938348053,0.045483610231196105,7566.964691666667,7357,61.0,7296.0,0.0082914231344297,135.0,1.8503289473684208
11090650,11305635,강북구,수유3동,검토대상,일치,보통,보통,0.013973277040155841,0.050105939394906165,26876.432654166667,12532,1007.0,11525.0,0.0803542930098946,141.0,1.2234273318872018
11240540,11710532,송파구,거여2동,검토대상,일치,보통,보통,0.18903517643106052,0.060480174736382016,14948.929433333333,9351,7437.0,1914.0,0.7953160089829965,123.0,6.426332288401254
11120510,11380510,은평구,녹번동,검토대상,일치,보통,보통,0.02564009264891675,0.06538090892511396,26899.476745833334,16044,5092.0,10952.0,0.3173772126651707,143.0,1.3056975894813732
11140710,11440710,마포구,연남동,검토대상,일치,보통,보통,0.12411368501376491,0.06879154348057687,20762.116145833334,7551,762.0,6789.0,0.1009137862534763,138.0,2.0326999558108705
11220570,11650560,서초구,반포1동,검토대상,일치,보통,보통,-0.13970723574374797,0.08010521372777152,35697.444675,13586,7297.0,6289.0,0.5370970116296188,139.0,2.2102083002067103
11240560,11710550,송파구,마천2동,검토대상,일치,보통,보통,0.42004631288254485,0.09207306271496231,11896.146566666668,7604,1320.0,6284.0,0.1735928458705944,141.0,2.2437937619350734
11230720,11680720,강남구,일원본동,검토대상,일치,보통,보통,0.048014923713313035,0.09605494586513676,18471.93603333333,7446,6752.0,694.0,0.9067955949503088,118.0,17.002881844380404
11060830,11230560,동대문구,전농1동,검토대상,일치,보통,보통,-0.11858598700670839,0.11590111824366159,39464.86756666667,15547,5375.0,10172.0,0.3457258635106451,151.0,1.4844671647660244
11190650,11560650,영등포구,신길3동,검토대상,일치,보통,보통,0.4575748829106917,0.12084885000869233,10898.4693875,7181,3376.0,3805.0,0.4701295084250104,140.0,3.679369250985545
11110580,11350611,노원구,하계1동,검토대상,일치,보통,보통,0.10452667369440297,0.1224606471624298,19742.326320833334,10383,8714.0,1669.0,0.839256476933449,131.0,7.849011384062313
11160761,11500641,강서구,방화3동,검토대상,일치,보통,보통,0.32522823373329357,0.13463953276325782,13351.126450000002,10399,8388.0,2011.0,0.806616020771228,135.0,6.713078070611636
11190630,11560630,영등포구,신길1동,검토대상,일치,보통,보통,0.3422765885171432,0.1558510509648492,16553.421820833333,10647,2189.0,8458.0,0.2055978209824363,156.0,1.8444076613856704
11140680,11440680,마포구,합정동,검토대상,일치,보통,보통,0.18008523627396028,0.1624973732208252,22669.89858333333,8134,1024.0,7110.0,0.1258913203835751,155.0,2.180028129395218
11120730,11380600,은평구,응암3동,검토대상,일치,보통,보통,0.3081098688833183,0.16277793062117618,18519.66330416667,11437,1052.0,10385.0,0.0919821631546734,160.0,1.5406836783822822
11190540,11560540,영등포구,여의동,검토대상,일치,보통,보통,-0.5998908256044768,0.16871402306190222,96690.14269583332,13054,10146.0,2908.0,0.7772330320208365,145.0,4.986244841815681
11190710,11560710,영등포구,대림2동,검토대상,일치,보통,보통,0.30183059977066373,0.17109713161297632,16972.61827916667,6256,1675.0,4581.0,0.2677429667519181,151.0,3.2962235319799174
11070720,11260575,중랑구,면목3.8동,검토대상,일치,보통,보통,0.3170708928160688,0.1800935203964545,18583.49717083333,11573,2180.0,9393.0,0.1883694806878078,162.0,1.7246885978920472
11210830,11620765,관악구,미성동,검토대상,일치,보통,보통,0.3357128556435679,0.18067794811454263,17901.01607083333,12963,3649.0,9314.0,0.2814934814471959,162.0,1.7393171569680053
11030710,11170555,용산구,청파동,검토대상,일치,보통,보통,0.2715393542024496,0.185788380596032,20797.35108333333,10369,338.0,10031.0,0.0325971646253254,164.0,1.6349317116937494
11060870,11230650,동대문구,장안1동,검토대상,일치,보통,보통,0.0990807569886908,0.19166780565590036,29709.012904166662,16949,7034.0,9915.0,0.4150097350876158,165.0,1.6641452344931922
11180570,11545670,금천구,시흥1동,검토대상,일치,보통,보통,0.2096152485810424,0.1939081374925329,24047.305783333333,15098,4773.0,10325.0,0.3161345873625645,166.0,1.6077481840193704
11250750,11740515,강동구,강일동,검토대상,일치,보통,보통,-0.24288265816232849,0.20140436748334278,42290.57493333333,13447,12610.0,837.0,0.937755633226742,136.0,16.248506571087216
11050600,11215850,광진구,구의1동,검토대상,일치,보통,보통,0.3576384389112909,0.21654748630579176,18995.2064875,12462,1037.0,11425.0,0.0832129674209597,172.0,1.5054704595185997
11190660,11560660,영등포구,신길4동,검토대상,일치,보통,보통,0.7770617373101568,0.22353256972521837,6688.6222708333335,5196,2680.0,2516.0,0.5157813702848345,153.0,6.081081081081082
11040670,11200670,성동구,성수2가1동,검토대상,일치,보통,보통,0.25360798963676556,0.22776698904508313,21107.96365,6609,1893.0,4716.0,0.2864275987290059,162.0,3.435114503816794
11050610,11215860,광진구,구의2동,검토대상,일치,보통,보통,0.40285852370454267,0.22801088559990976,17173.436895833333,10558,1535.0,9023.0,0.1453873839742375,171.0,1.8951568214562784
11200730,11590630,동작구,사당2동,검토대상,일치,보통,보통,0.019212287351063742,0.22839510167371113,33428.88200416667,11590,7253.0,4337.0,0.6257981018119069,161.0,3.712243486280839
11130700,11410700,서대문구,남가좌2동,검토대상,일치,보통,보통,0.324656781704271,0.2304254984354414,19089.22148333333,12718,6627.0,6091.0,0.5210724956754207,166.0,2.7253324577245115
11210720,11620725,관악구,조원동,검토대상,일치,보통,보통,-0.03931154855980551,0.23616562536809166,42559.23348333334,11664,2436.0,9228.0,0.2088477366255144,173.0,1.874729085392284
11230800,11680670,강남구,개포2동,검토대상,일치,보통,보통,0.0017848466016293517,0.25885963885888624,29246.820066666667,14343,13485.0,858.0,0.9401798786864672,146.0,17.016317016317018
11170540,11530540,구로구,구로3동,검토대상,일치,보통,보통,0.1122309708529735,0.2626178945201284,32343.401504166668,12980,5232.0,7748.0,0.4030816640986132,176.0,2.2715539494062984
11140780,11440555,마포구,아현동,검토대상,일치,보통,보통,0.1134061703774159,0.26314774418612247,25057.372620833336,11558,10247.0,1311.0,0.8865720712926112,152.0,11.594202898550725
11020680,11140680,중구,중림동,검토대상,일치,보통,보통,0.7340667789959487,0.27816814532997,8046.948216666667,5499,3223.0,2276.0,0.586106564829969,162.0,7.117750439367311
11130740,11410555,서대문구,북아현동,검토대상,일치,보통,보통,-0.17394346097730506,0.28007195772981414,51389.00070833333,6801,4038.0,2763.0,0.5937362152624615,165.0,5.971769815418024
11230580,11680580,강남구,삼성1동,검토대상,일치,보통,보통,-0.270150753028631,0.2888610872545185,60392.49163333333,4979,3029.0,1950.0,0.608355091383812,162.0,8.307692307692308
11210800,11620595,관악구,청룡동,검토대상,일치,보통,보통,0.12542153247612428,0.300758968042527,38600.19729166666,22956,4449.0,18507.0,0.1938055410350235,198.0,1.0698654563138272
11090600,11305595,강북구,번1동,검토대상,일치,보통,보통,0.5469127142506192,0.30517022924247583,14732.259,8775,1127.0,7648.0,0.1284330484330484,185.0,2.4189330543933054
11130760,11410615,서대문구,연희동,검토대상,일치,보통,보통,0.16393208465901316,0.30646445945571305,34799.473375,17276,3103.0,14173.0,0.1796133364204677,195.0,1.375855499894165
11040570,11200570,성동구,행당2동,검토대상,일치,보통,보통,0.48688205727580786,0.32179137114743367,12383.307295833334,8656,7888.0,768.0,0.911275415896488,156.0,20.3125
11150640,11470620,양천구,신정1동,검토대상,일치,보통,보통,0.41691511953248306,0.32575419360971125,15371.109258333332,6577,5345.0,1232.0,0.8126805534438194,163.0,13.23051948051948
11130660,11410660,서대문구,홍은1동,검토대상,일치,보통,보통,0.5551546011033978,0.3282129809702822,13557.219283333334,9503,6062.0,3441.0,0.6379038198463644,178.0,5.172914850334205
11140720,11440720,마포구,성산1동,검토대상,일치,보통,보통,0.4427816136793361,0.331789459593491,19359.0533375,8860,709.0,8151.0,0.0800225733634311,192.0,2.3555391976444606
11250660,11740650,강동구,성내2동,검토대상,일치,보통,보통,0.3528605210712511,0.3408469015136424,24240.609141666664,13041,3287.0,9754.0,0.2520512230657158,197.0,2.019684232109904
11170610,11530720,구로구,고척1동,검토대상,일치,보통,보통,0.2143260963784812,0.3441707681146878,27656.036616666668,10981,7638.0,3343.0,0.6955650669337947,181.0,5.414298534250673
11150660,11470640,양천구,신정3동,검토대상,일치,보통,보통,0.16579258387260187,0.3574587584914871,31657.77612916667,18412,14820.0,3592.0,0.8049098414077775,185.0,5.150334075723831
11140660,11440660,마포구,서교동,검토대상,일치,보통,보통,-0.39898664891233504,0.37056796206197495,119405.60491666668,13944,2400.0,11544.0,0.1721170395869191,207.0,1.793139293139293
11160590,11500570,강서구,화곡4동,검토대상,일치,보통,보통,0.6364104738636862,0.37434206962773775,14327.721083333332,8838,702.0,8136.0,0.0794297352342158,202.0,2.4827925270403144
11170720,11530740,구로구,개봉1동,검토대상,일치,보통,보통,0.3465558197668143,0.37777675192064475,25635.1678125,14184,6442.0,7742.0,0.4541737168640722,202.0,2.609144923792302
11040650,11200650,성동구,성수1가1동,검토대상,일치,보통,보통,0.4182227739349863,0.3822472870381915,19972.8464375,6738,3274.0,3464.0,0.4859008607895518,190.0,5.484988452655889
11130680,11410685,서대문구,홍은2동,검토대상,일치,보통,보통,0.5033478432995367,0.3829215362440798,19196.53507083333,12100,3512.0,8588.0,0.2902479338842975,205.0,2.3870517000465767
11230511,11680675,강남구,개포3동,검토대상,일치,보통,보통,0.4495925200879153,0.38850971413715196,14091.9859625,6950,6522.0,428.0,0.9384172661870503,161.0,37.61682242990654
11010720,11110515,종로구,청운효자동,검토대상,일치,보통,보통,0.4362989261895881,0.39039044933859507,20144.699729166667,4448,234.0,4214.0,0.0526079136690647,195.0,4.627432368296155
11160700,11500630,강서구,방화1동,검토대상,일치,보통,보통,0.2816042583086208,0.39084342404443945,28459.683295833336,15333,9983.0,5350.0,0.6510793712906803,199.0,3.7196261682242993
11040550,11200550,성동구,사근동,검토대상,일치,보통,보통,0.4212114076633778,0.39419450213546486,22256.931362500003,7756,1274.0,6482.0,0.1642599277978339,203.0,3.131749460043196
11250610,11740600,강동구,천호1동,검토대상,일치,보통,보통,0.3677508760868908,0.41419188238594634,27142.44680833333,11747,2563.0,9184.0,0.2181833659657785,214.0,2.3301393728223
11040680,11200690,성동구,성수2가3동,검토대상,일치,보통,보통,-0.07068751824139106,0.41899865778613427,55236.135766666666,4505,1886.0,2619.0,0.4186459489456159,194.0,7.4074074074074066
11100560,11320700,도봉구,방학2동,검토대상,일치,보통,보통,0.8837034201046609,0.43105304276423473,9792.198604166666,8317,263.0,8054.0,0.0316219790789948,216.0,2.681897193940898
11090610,11305603,강북구,번2동,검토대상,일치,보통,보통,0.8610816426572413,0.43770249879266604,9520.743608333332,6913,2538.0,4375.0,0.3671343844929842,207.0,4.731428571428571
11180550,11545640,금천구,독산4동,검토대상,일치,보통,보통,0.8280149020252588,0.43970300446557237,10775.6950875,6799,447.0,6352.0,0.0657449624944844,214.0,3.369017632241813
11250720,11740570,강동구,암사1동,검토대상,일치,보통,보통,0.4179508992990685,0.45340667444968435,27588.206133333337,14603,2789.0,11814.0,0.190988153119222,229.0,1.938378195361436
11020540,11140540,중구,회현동,검토대상,일치,보통,보통,0.11110386321343363,0.4546571643920648,35330.525408333335,1932,1051.0,881.0,0.5439958592132506,185.0,20.998864926220204
11120660,11380632,은평구,신사2동,검토대상,일치,보통,보통,0.7843452390876353,0.45655685597657497,11953.406466666667,7923,2352.0,5571.0,0.2968572510412722,216.0,3.877221324717286
11220610,11650590,서초구,방배본동,검토대상,일치,보통,보통,0.6158474404226162,0.4645124214835507,16231.034858333333,7388,3426.0,3962.0,0.4637249593936112,212.0,5.350832912670368
11160751,11500603,강서구,가양1동,검토대상,일치,보통,보통,0.3933256325424608,0.4835904297079775,31434.04065,19909,6444.0,13465.0,0.323672710834296,240.0,1.7823988117341254
11070610,11260600,중랑구,중화1동,검토대상,일치,보통,보통,0.8726002100119835,0.5041736247051333,11160.525933333332,8098,2119.0,5979.0,0.2616695480365522,230.0,3.84679712326476
11230630,11680630,강남구,대치4동,검토대상,일치,보통,보통,0.1182234798041768,0.5178835599636596,53425.90884583333,8818,1772.0,7046.0,0.200952596960762,237.0,3.363610559182515
11230590,11680590,강남구,삼성2동,검토대상,일치,보통,보통,0.405249273084667,0.5179674836014704,28729.013225,12602,7440.0,5162.0,0.5903824789715918,231.0,4.475009686168152
11030570,11170570,용산구,원효로2동,검토대상,일치,보통,보통,0.7897664594552829,0.5272320699240811,12397.217595833334,5923,3130.0,2793.0,0.5284484214080702,222.0,7.9484425349087005
11150700,11470680,양천구,신정7동,검토대상,일치,보통,보통,0.4742008274157426,0.5291700005192049,19335.265379166667,10956,10232.0,724.0,0.9339174881343556,199.0,27.486187845303867
11050670,11215847,광진구,자양4동,검토대상,일치,보통,보통,0.3783242284793223,0.5481752680073688,34045.24884166667,10488,2993.0,7495.0,0.285373760488177,247.0,3.2955303535690463
11060810,11230536,동대문구,용신동,검토대상,일치,보통,보통,0.37150847478671006,0.5628144557811786,38217.2583625,20244,7872.0,12372.0,0.3888559573206876,262.0,2.117685095376657
11150530,11470530,양천구,목3동,검토대상,일치,보통,보통,0.7249903713248744,0.563209930780151,17455.790479166666,9531,2207.0,7324.0,0.231560172070087,251.0,3.4270890223921358
11180530,11545620,금천구,독산2동,검토대상,일치,보통,보통,0.9865811404030989,0.5679636297207807,10611.648020833332,8502,224.0,8278.0,0.0263467419430722,255.0,3.0804542159942017
11090710,11305545,강북구,송중동,검토대상,일치,보통,보통,0.46595616497913833,0.5793055936613904,31409.6083375,12510,3202.0,9308.0,0.2559552358113509,261.0,2.804039535883111
11050570,11215760,광진구,중곡3동,검토대상,일치,보통,보통,0.9212457473055146,0.5810264398547507,12180.768733333332,7676,490.0,7186.0,0.0638353309015112,256.0,3.562482605065405
11050620,11215870,광진구,구의3동,검토대상,일치,보통,보통,0.4573077891287834,0.5876226556662915,30078.401041666668,11333,5933.0,5400.0,0.5235153975116915,252.0,4.666666666666667
11100630,11320515,도봉구,창5동,검토대상,일치,보통,보통,0.6607779221002255,0.5876403645262037,18376.8582125,9776,6783.0,2993.0,0.693842062193126,240.0,8.018710324089543
11180540,11545630,금천구,독산3동,검토대상,일치,보통,보통,0.8827900017119529,0.5877780424487662,13968.207116666666,11616,1718.0,9898.0,0.1478994490358126,265.0,2.6773085471812488
11250530,11740530,강동구,명일1동,검토대상,일치,보통,보통,0.5569433936279946,0.5937323575274558,22798.27050833333,9586,6704.0,2882.0,0.6993532234508658,241.0,8.362248438584317
11210680,11620685,관악구,신사동,검토대상,일치,보통,보통,0.8527050470752775,0.6068799271703167,16118.7191625,13692,290.0,13402.0,0.0211802512416009,278.0,2.0743172660796896
11090700,11305535,강북구,미아동,검토대상,일치,보통,보통,0.7132602109066041,0.6111772241085709,20535.023125,10789,1115.0,9674.0,0.1033460005561219,272.0,2.8116601199090345
11020730,11140665,중구,동화동,검토대상,일치,보통,보통,0.8170546061837177,0.6116761119915419,12383.2269375,3764,2565.0,1199.0,0.6814558979808714,229.0,19.09924937447873
11070540,11260540,중랑구,면목4동,검토대상,일치,보통,보통,0.8945229197911323,0.6152623488751421,13113.44005,7963,2919.0,5044.0,0.3665703880447067,259.0,5.134813639968279
11040710,11200535,성동구,왕십리도선동,검토대상,일치,보통,보통,0.6944076178968511,0.6319008323336682,19726.374020833333,11265,7110.0,4155.0,0.6311584553928096,260.0,6.257521058965103
11090740,11305645,강북구,우이동,검토대상,일치,보통,보통,0.772715875944214,0.6424003717732467,18808.276029166667,8569,890.0,7679.0,0.1038627611156494,277.0,3.6072405261101705
11110780,11350625,노원구,중계2.3동,검토대상,일치,보통,보통,0.4180639535469811,0.6468156033573199,27374.155433333333,14189,13505.0,684.0,0.9517936429628584,228.0,33.33333333333333
11230770,11680545,강남구,압구정동,검토대상,일치,보통,보통,0.17801283730235767,0.653878196067489,50182.81199166667,8964,7490.0,1474.0,0.8355644801427934,245.0,16.621438263229308
11170710,11530530,구로구,구로2동,검토대상,일치,보통,보통,0.5762315326776158,0.6575474460904828,29487.112758333333,10975,1893.0,9082.0,0.1724829157175398,286.0,3.149086104382295
11210520,11620525,관악구,보라매동,검토대상,일치,보통,보통,0.8584557023646948,0.658008471150105,17141.894425000002,12077,1405.0,10672.0,0.1163368386188623,290.0,2.717391304347826
11050650,11215830,광진구,자양2동,검토대상,일치,보통,보통,0.6804032380163796,0.6582520942636457,23205.073229166668,11356,4093.0,7263.0,0.360426206410708,281.0,3.868924686768553
11230780,11680565,강남구,청담동,검토대상,일치,보통,보통,0.2956398368946767,0.6632266335868726,45981.69693333333,9450,5807.0,3643.0,0.6144973544973545,267.0,7.329124348064782
11140690,11440690,마포구,망원1동,검토대상,일치,보통,보통,0.7272107189216126,0.666245228543123,21647.0345625,9142,1465.0,7677.0,0.1602493983810982,285.0,3.7123876514263374
11230660,11680655,강남구,도곡1동,검토대상,일치,보통,보통,0.33756588516129976,0.6830369150248214,40373.0973,7771,5787.0,1984.0,0.7446918028567752,260.0,13.104838709677418
11180520,11545610,금천구,독산1동,검토대상,일치,보통,보통,0.5636558878028338,0.6985611273901384,35152.553575,25280,10896.0,14384.0,0.4310126582278481,312.0,2.169076751946607
11190720,11560720,영등포구,대림3동,검토대상,일치,보통,보통,0.7269543181996706,0.7033361652411085,22319.532425,9508,3965.0,5543.0,0.4170172486327303,290.0,5.231823922063864
11210690,11620695,관악구,신림동,검토대상,일치,보통,보통,0.6736791571774379,0.7088238830476281,29290.37811666667,17552,1332.0,16220.0,0.0758887876025524,319.0,1.966707768187423
11150720,11470650,양천구,신정4동,검토대상,일치,보통,보통,0.6648409208880112,0.7189276647576934,29653.0823625,15440,1946.0,13494.0,0.1260362694300518,318.0,2.3566029346376167
11230680,11680660,강남구,개포1동,검토대상,일치,보통,보통,0.5377021582653585,0.724323073783323,19925.17322083333,8535,8406.0,129.0,0.9848857644991212,218.0,168.9922480620155
11140600,11440600,마포구,대흥동,검토대상,일치,보통,보통,0.6527428341170481,0.72733341940563,26838.31553333333,7791,2771.0,5020.0,0.3556667950198947,296.0,5.896414342629482
11150630,11470611,양천구,신월7동,검토대상,일치,보통,보통,0.9752869003679401,0.7290082504399329,14129.780416666666,8298,3194.0,5104.0,0.3849120269944565,297.0,5.818965517241379
11170670,11530770,구로구,오류1동,검토대상,일치,보통,보통,0.8614658003574853,0.7623019167809345,20311.13012083333,12143,4066.0,8077.0,0.3348431194927118,321.0,3.974247864306054
11230710,11680690,강남구,개포4동,검토대상,일치,보통,보통,1.0167878236192105,0.7781826233645878,14631.462433333334,9188,3457.0,5731.0,0.3762516325642142,318.0,5.548769848194032
11240520,11710520,송파구,풍납2동,검토대상,일치,보통,보통,0.7067272805685337,0.7792523284794379,25941.113045833332,9407,5420.0,3987.0,0.5761666843839693,309.0,7.750188111361926
11150650,11470630,양천구,신정2동,검토대상,일치,보통,보통,0.979578271386763,0.7890421070394539,13044.106675,6452,5151.0,1301.0,0.7983570985740855,285.0,21.90622598001537
11210820,11620745,관악구,삼성동,검토대상,일치,보통,보통,0.9593764369278319,0.8016209178465306,16240.2188125,8945,5161.0,3784.0,0.5769703745108999,316.0,8.350951374207188
11040700,11200790,성동구,용답동,검토대상,일치,보통,보통,1.0038958797225188,0.8028550053418785,16008.8116,7284,1003.0,6281.0,0.1376990664470071,330.0,5.253940455341506
11170620,11530730,구로구,고척2동,검토대상,일치,보통,보통,1.1288491499112983,0.8041672564003207,12457.717745833334,10531,4368.0,6163.0,0.4147754249359035,330.0,5.354535128995619
11090630,11305615,강북구,수유1동,검토대상,일치,보통,보통,1.1142054540841904,0.8070407917810263,13578.2944875,9412,620.0,8792.0,0.0658733531661708,341.0,3.8785259326660606
11240640,11710610,송파구,삼전동,검토대상,일치,보통,보통,0.8506335316492601,0.8229769558335789,25557.079766666666,14840,446.0,14394.0,0.0300539083557951,362.0,2.5149367792135613
11210810,11620775,관악구,난곡동,검토대상,일치,보통,보통,1.1123337904871677,0.8245502399913397,14541.084145833333,11634,898.0,10736.0,0.0771875537218497,354.0,3.297317436661699
11170700,11530595,구로구,가리봉동,검토대상,일치,보통,보통,1.2487723644562025,0.833792132299233,10154.884004166666,5407,229.0,5178.0,0.0423525060107268,337.0,6.508304364619544
11170730,11530780,구로구,오류2동,검토대상,일치,보통,보통,0.5097513583777655,0.8344634849506389,44756.90565,14646,9518.0,5128.0,0.649870271746552,337.0,6.571762870514821
11090690,11305534,강북구,삼양동,검토대상,일치,보통,보통,0.9940017961777367,0.8421819579056128,17990.9144625,10561,3556.0,7005.0,0.3367105387747372,349.0,4.982155603140614
11040660,11200660,성동구,성수1가2동,검토대상,일치,보통,보통,0.7890219890181962,0.847973632614743,24511.9759125,6239,3085.0,3154.0,0.4944702676711011,329.0,10.43119847812302
11120720,11380530,은평구,불광2동,검토대상,일치,보통,보통,1.107100967318327,0.8568049439520327,15937.3187625,12837,953.0,11884.0,0.0742385292513827,371.0,3.1218444968024235
11190730,11560515,영등포구,영등포본동,검토대상,일치,보통,보통,0.961246701937336,0.8662315245126008,19692.3009375,9679,3801.0,5878.0,0.3927058580431863,354.0,6.0224566178972445
11040540,11200540,성동구,마장동,검토대상,일치,보통,보통,1.0401828449961168,0.8685747285610119,16724.897258333334,10130,4639.0,5491.0,0.4579466929911155,353.0,6.428701511564378
11150710,11470550,양천구,목5동,검토대상,일치,보통,보통,0.4706177353624054,0.8776357725266623,40507.83957083333,12918,12129.0,789.0,0.9389224338132838,304.0,38.5297845373891
11190700,11560700,영등포구,대림1동,검토대상,일치,보통,보통,1.0868668999087154,0.8898403315954138,15228.942229166663,6151,2113.0,4038.0,0.3435213786376199,353.0,8.741951461119365
11070730,11260655,중랑구,망우본동,검토대상,일치,보통,보통,0.7016056449680934,0.9013697141670656,38864.391891666666,17197,6462.0,10735.0,0.3757632145141594,388.0,3.614345598509548
11090750,11305660,강북구,인수동,검토대상,일치,보통,보통,0.9633475791026543,0.9057854545907122,23497.874775,12696,936.0,11760.0,0.0737240075614366,393.0,3.341836734693877
11240820,11710647,송파구,위례동,검토대상,일치,보통,보통,0.48693256299648074,0.929808708791895,44946.536666666674,14607,13641.0,966.0,0.9338673238858082,329.0,34.05797101449276
11240550,11710540,송파구,마천1동,검토대상,일치,보통,보통,1.3634072607352132,0.9378444058259452,9751.1719875,6603,2271.0,4332.0,0.343934575193094,376.0,8.679593721144968
11250630,11740620,강동구,천호3동,검토대상,일치,보통,보통,0.9184705039995035,0.9408224061489734,26740.505891666664,13741,4418.0,9323.0,0.3215195400625864,402.0,4.31191676498981
11190610,11560610,영등포구,양평1동,검토대상,일치,보통,보통,1.1229916763314662,0.9487544043805736,16980.705695833334,9450,3322.0,6128.0,0.3515343915343915,392.0,6.396866840731071
11160610,11500591,강서구,화곡6동,검토대상,일치,보통,보통,1.101554727076735,0.9504586364243458,18837.586291666667,12458,3314.0,9144.0,0.2660138063894686,406.0,4.440069991251094
11070520,11260520,중랑구,면목2동,검토대상,일치,보통,보통,1.1511086741362428,0.9527816928265082,16981.497366666666,10977,2395.0,8582.0,0.2181834745376696,405.0,4.719179678396644
11150570,11470560,양천구,신월1동,검토대상,일치,보통,보통,1.3007164296396423,0.9729394426917533,12900.967245833332,8953,1290.0,7663.0,0.1440857813023567,411.0,5.363434686154248
11240680,11710641,송파구,문정1동,검토대상,일치,보통,보통,1.068095223053867,0.9736848985362343,19294.81105,8473,3640.0,4833.0,0.4295999055824383,396.0,8.193668528864059
11150690,11470670,양천구,신정6동,검토대상,일치,보통,보통,1.001134386124745,0.9775770553558015,17037.572670833335,7796,7049.0,747.0,0.9041816316059518,341.0,45.64926372155288
11230520,11680521,강남구,논현1동,검토대상,일치,보통,보통,0.8174295700651572,0.9961187737263213,36950.27425833333,12021,2276.0,9745.0,0.1893353298394476,431.0,4.422780913288866
11230760,11680700,강남구,세곡동,검토대상,일치,보통,보통,0.7572087644056349,1.014621142197611,40036.58950833333,19127,13514.0,5613.0,0.7065404924975166,421.0,7.500445394619633
11170560,11530560,구로구,구로5동,검토대상,일치,보통,보통,0.8489807863842604,1.0162327258704642,34962.0841,14326,6619.0,7707.0,0.4620270836241798,433.0,5.618269106007526
11150610,11470600,양천구,신월5동,검토대상,일치,보통,보통,1.4691805823890807,1.0483306913099175,9948.419841666668,5871,1416.0,4455.0,0.2411854879918242,430.0,9.652076318742983
11080820,11290555,성북구,삼선동,검토대상,일치,보통,보통,1.0515864866863274,1.060015304719155,25463.34963333333,10543,2882.0,7661.0,0.2733567295836099,456.0,5.952225558021146
11160550,11500590,강서구,화곡본동,검토대상,일치,보통,보통,1.1710844355693542,1.0612500092985118,22052.575066666668,15827,1097.0,14730.0,0.0693119353004359,482.0,3.272233536999321
11100650,11320522,도봉구,도봉2동,검토대상,일치,보통,보통,1.1883987861704217,1.0809392764585777,17549.195187499998,11087,8227.0,2860.0,0.7420402272932263,431.0,15.06993006993007
11020700,11140625,중구,다산동,검토대상,일치,보통,보통,1.4210972712053314,1.106119778898191,12780.999095833336,6178,503.0,5675.0,0.0814179346066688,470.0,8.28193832599119
11150590,11470580,양천구,신월3동,검토대상,일치,보통,보통,1.4802412486113017,1.1147691719888393,11560.282129166668,6711,1018.0,5693.0,0.1516912531664431,475.0,8.343579834884947
11110770,11350695,노원구,상계6.7동,검토대상,일치,보통,보통,0.5983534596429062,1.1181986815082998,44245.7635875,13072,12801.0,271.0,0.9792686658506732,371.0,136.90036900369006
11230640,11680640,강남구,역삼1동,검토대상,일치,보통,보통,0.5560811887278149,1.147723970949827,93444.06762916666,21178,2895.0,18283.0,0.1366984606667296,544.0,2.9754416671224635
11220630,11650610,서초구,방배2동,검토대상,일치,보통,보통,1.1912435250029236,1.1723883998233278,22880.18785,7186,2111.0,5075.0,0.2937656554411355,504.0,9.93103448275862
11060820,11230545,동대문구,제기동,검토대상,일치,보통,보통,1.15126240394721,1.2068636316176093,28659.9615625,11616,3116.0,8500.0,0.2682506887052341,548.0,6.447058823529411
11030740,11170685,용산구,한남동,검토대상,일치,보통,보통,1.0355075134263336,1.276505921147887,36499.04374583333,6205,2886.0,3319.0,0.4651087832393231,551.0,16.601385959626395
11120710,11380690,은평구,진관동,검토대상,일치,보통,보통,0.8273894636906021,1.2767405365363014,57353.38506666667,20368,16165.0,4203.0,0.79364689709348,562.0,13.371401379966692
11240770,11710710,송파구,잠실6동,검토대상,일치,보통,보통,0.574851329048923,1.2833504675603373,64539.87480833333,5443,5192.0,251.0,0.9538857247841264,449.0,178.88446215139442
11230730,11680730,강남구,일원1동,검토대상,일치,보통,보통,1.596237121560151,1.2972376628885818,12637.234591666667,6865,2995.0,3870.0,0.4362709395484341,572.0,14.780361757105942
11230510,11680510,강남구,신사동,검토대상,일치,보통,보통,0.9671034863213228,1.3084579092374318,42796.05753333333,5889,3452.0,2437.0,0.5861776192902021,558.0,22.89700451374641
11180600,11545700,금천구,시흥4동,검토대상,일치,보통,보통,1.8431405533450849,1.3220822987781171,8753.652929166667,8199,1565.0,6634.0,0.1908769362117331,616.0,9.285498944829666
11100620,11320514,도봉구,창4동,검토대상,일치,보통,보통,1.1370035496759903,1.3297671088781404,28199.059679166665,10696,9645.0,1051.0,0.9017389678384444,534.0,50.80875356803045
11070620,11260610,중랑구,중화2동,검토대상,일치,보통,보통,1.4280853419152733,1.381218844877199,24449.788966666663,12840,1874.0,10966.0,0.1459501557632398,689.0,6.283056720773299
11070550,11260550,중랑구,면목5동,검토대상,일치,보통,보통,1.7466715099006982,1.3859786783832442,11167.5630625,5917,2182.0,3735.0,0.3687679567348318,634.0,16.974564926372153
11020590,11140590,중구,광희동,검토대상,일치,보통,보통,1.2530296976842292,1.4178583678526053,29342.44235,3615,1634.0,1981.0,0.4520055325034578,625.0,31.54972236244321
11160630,11500593,강서구,화곡8동,검토대상,일치,보통,보통,0.9320893720774323,1.4295784006191294,72094.80996666667,10668,729.0,9939.0,0.0683352080989876,724.0,7.2844350538283535
11230750,11680750,강남구,수서동,검토대상,일치,보통,보통,1.3189792061802268,1.4484304075536272,21779.737383333333,7210,6811.0,399.0,0.9446601941747572,568.0,142.35588972431077
11140590,11440590,마포구,용강동,검토대상,일치,보통,보통,1.526224904948745,1.4764718479215266,20128.9696875,8604,5787.0,2817.0,0.6725941422594143,690.0,24.494142705005327
11140740,11440740,마포구,상암동,검토대상,일치,보통,보통,1.1811399251770927,1.520520309782154,46062.92213333333,12227,8389.0,3838.0,0.6861045227774597,746.0,19.437206878582597
11190550,11560550,영등포구,당산1동,검토대상,일치,보통,보통,1.538122397236894,1.524368832223656,24361.168625,11100,4771.0,6329.0,0.4298198198198198,781.0,12.340022120398167
11160710,11500640,강서구,방화2동,검토대상,일치,보통,보통,1.5692715045329262,1.5420782669431237,24065.513425,11316,4350.0,6966.0,0.3844114528101803,804.0,11.541774332472007
11170550,11530550,구로구,구로4동,검토대상,일치,보통,보통,1.7639193085742062,1.5524535019399506,15278.169104166664,9257,5416.0,3841.0,0.5850707572647726,775.0,20.17703722988805
11180510,11545510,금천구,가산동,검토대상,일치,보통,보통,1.392373225082626,1.6173877343553704,44423.985245833326,17533,3284.0,14249.0,0.1873039411395654,933.0,6.547827917748614
11220670,11650652,서초구,양재2동,검토대상,일치,보통,보통,1.415942258507658,1.6212755814201594,40114.4114375,10088,902.0,9186.0,0.0894131641554322,904.0,9.841062486392335
11160730,11500540,강서구,화곡1동,검토대상,일치,보통,보통,1.2878285051682963,1.6379702866078676,60091.69858333334,26079,5903.0,20176.0,0.2263507036312742,984.0,4.877081681205393
11190740,11560535,영등포구,영등포동,검토대상,일치,보통,보통,1.1453307181780148,1.640732584149258,76912.4525,20315,5577.0,14738.0,0.2745262121585036,962.0,6.527344280092279
11220660,11650651,서초구,양재1동,검토대상,일치,보통,보통,1.4365679512830556,1.7897496208349244,51469.80710416666,16463,10318.0,6145.0,0.6267387474943813,1069.0,17.396257119609437
11230790,11680610,강남구,대치2동,검토대상,일치,보통,보통,1.3291438656340493,1.8115933641420767,56779.744804166665,12643,10672.0,1971.0,0.8441034564581191,999.0,50.68493150684932
11020600,11140605,중구,을지로동,검토대상,일치,보통,보통,2.02891671548472,1.9546392747531558,17047.65024583333,2027,1008.0,1019.0,0.4972866304884065,1122.0,110.107948969578
11020690,11140615,중구,신당동,검토대상,일치,보통,보통,2.064834736709084,1.9595325816215265,19183.038975,4315,725.0,3590.0,0.168018539976825,1252.0,34.87465181058496
11100640,11320521,도봉구,도봉1동,검토대상,일치,보통,보통,2.218205468564466,2.004277085737901,17391.639112499997,9227,1071.0,8156.0,0.1160723962284599,1413.0,17.324668955370278
11030730,11170625,용산구,한강로동,검토대상,일치,보통,보통,1.3837176106582705,2.0090236138521695,85887.57764166666,10063,5644.0,4419.0,0.560866540793004,1351.0,30.57252772120389
11010530,11110530,종로구,사직동,검토대상,일치,보통,보통,1.865325213005198,2.0201958417700943,30805.292066666665,4004,1511.0,2493.0,0.3773726273726274,1306.0,52.38668271159246
11150510,11470510,양천구,목1동,검토대상,일치,보통,보통,1.706655706348046,2.080890417307364,48495.88036666667,9894,7222.0,2672.0,0.7299373357590458,1412.0,52.84431137724551
11220600,11650581,서초구,반포4동,검토대상,일치,보통,보통,1.6795239350382971,2.1423113509510254,58458.323937500005,6404,3628.0,2776.0,0.5665209244222361,1524.0,54.89913544668588
11010610,11110615,종로구,종로1.2.3.4가동,검토대상,일치,보통,보통,1.5651460771562395,2.171260429469315,79586.78765416666,4033,859.0,3174.0,0.2129928093230845,1595.0,50.252047889098925
11250730,11740610,강동구,천호2동,검토대상,일치,보통,보통,1.9780329113311332,2.2222925696863647,47243.582875,17537,4528.0,13009.0,0.2581969550094087,1904.0,14.636021216081174
11010570,11110570,종로구,무악동,검토대상,일치,-,-,,,5371.064570833333,2804,2620.0,184.0,0.9343794579172612,0.0,0.0
11010680,11110680,종로구,창신2동,검토대상,일치,-,-,,,6297.837545833333,3388,315.0,3073.0,0.0929752066115702,0.0,0.0
11030530,11170530,용산구,남영동,검토대상,일치,-,-,,,21326.262191666665,4028,647.0,3381.0,0.1606256206554121,0.0,0.0
11030580,11170580,용산구,효창동,검토대상,일치,-,-,,,9558.666279166666,4425,1924.0,2501.0,0.4348022598870056,0.0,0.0
11030640,11170640,용산구,이촌2동,검토대상,일치,-,-,,,8240.083566666666,3238,2654.0,584.0,0.8196417541692402,0.0,0.0
11030700,11170700,용산구,보광동,검토대상,일치,-,-,,,6277.987012500001,3466,448.0,3018.0,0.1292556260819388,0.0,0.0
11030720,11170560,용산구,원효로1동,검토대상,일치,-,-,,,17712.271637499998,8766,3935.0,4831.0,0.4488934519735341,0.0,0.0
11040520,11200520,성동구,왕십리2동,검토대상,일치,-,-,,,13317.7122875,6978,4187.0,2791.0,0.6000286615075953,0.0,0.0
11040560,11200560,성동구,행당1동,검토대상,일치,-,-,,,47848.9971125,6661,4345.0,2316.0,0.6523044587899715,0.0,0.0
11040620,11200620,성동구,금호4가동,검토대상,일치,-,-,,,11588.5823,5846,4381.0,1465.0,0.7494013000342115,0.0,0.0
11050630,11215810,광진구,광장동,검토대상,일치,-,-,,,33943.592958333335,10931,8845.0,2086.0,0.8091665904308847,0.0,0.0
11060710,11230710,동대문구,회기동,검토대상,일치,-,-,,,15483.66435,6626,1652.0,4974.0,0.2493208572290975,0.0,0.0
11060840,11230570,동대문구,전농2동,검토대상,일치,-,-,,,12364.953579166666,6963,5282.0,1681.0,0.7585810713772799,0.0,0.0
11060900,11230750,동대문구,이문2동,검토대상,일치,-,-,,,9945.435866666669,7701,4649.0,3052.0,0.6036878327489936,0.0,0.0
11080580,11290580,성북구,돈암1동,검토대상,일치,-,-,,,9076.333545833331,5724,5058.0,666.0,0.8836477987421384,0.0,0.0
11080610,11290610,성북구,보문동,검토대상,일치,-,-,,,12410.64065,7430,2968.0,4462.0,0.3994616419919246,0.0,0.0
11080620,11290620,성북구,정릉1동,검토대상,일치,-,-,,,12211.793124999998,7067,4522.0,2545.0,0.6398754775718126,0.0,0.0
11080650,11290650,성북구,정릉4동,검토대상,일치,-,-,,,14357.3893125,10019,5111.0,4908.0,0.5101307515720132,0.0,0.0
11080660,11290660,성북구,길음1동,검토대상,일치,-,-,,,30723.832816666665,12234,11592.0,642.0,0.9475232957332026,0.0,0.0
11080680,11290685,성북구,길음2동,검토대상,일치,-,-,,,20350.0535375,8223,7301.0,922.0,0.8878754712392071,0.0,0.0
11080710,11290715,성북구,월곡1동,검토대상,일치,-,-,,,23149.0906125,9881,5975.0,3906.0,0.6046958809837061,0.0,0.0
11080720,11290725,성북구,월곡2동,검토대상,일치,-,-,,,22190.290900000004,9108,3373.0,5735.0,0.3703337725076855,0.0,0.0
11080830,11290575,성북구,동선동,검토대상,일치,-,-,,,26231.7666375,8994,1072.0,7922.0,0.1191905714921058,0.0,0.0
11080840,11290705,성북구,종암동,검토대상,일치,-,-,,,34123.37979583333,16271,8307.0,7964.0,0.5105402249400774,0.0,0.0
11090620,11305608,강북구,번3동,검토대상,일치,-,-,,,12339.781404166666,7208,6732.0,476.0,0.9339622641509434,0.0,0.0
11090730,11305575,강북구,삼각산동,검토대상,일치,-,-,,,15763.340941666667,11078,10929.0,149.0,0.9865499187578984,0.0,0.0
11100570,11320710,도봉구,방학3동,검토대상,일치,-,-,,,15133.644725,9458,8990.0,468.0,0.9505180799323324,0.0,0.0
11110520,11350570,노원구,월계2동,검토대상,일치,-,-,,,15297.441270833331,11196,10132.0,1064.0,0.9049660593068952,0.0,0.0
11110530,11350580,노원구,월계3동,검토대상,일치,-,-,,,21823.629741666668,12265,12060.0,205.0,0.9832857725234408,0.0,0.0
11110560,11350600,노원구,공릉2동,검토대상,일치,-,-,,,40580.733920833336,17240,11688.0,5552.0,0.6779582366589327,0.0,0.0
11120520,11380520,은평구,불광1동,검토대상,일치,-,-,,,23536.749645833333,15785,7824.0,7961.0,0.4956604371238517,0.0,0.0
11120560,11380552,은평구,갈현2동,검토대상,일치,-,-,,,20419.56993333333,11690,1541.0,10149.0,0.1318220701454234,0.0,0.0
11120580,11380570,은평구,대조동,검토대상,일치,-,-,,,51801.703558333335,14281,3123.0,11158.0,0.2186821651144878,0.0,0.0
11120590,11380580,은평구,응암1동,검토대상,일치,-,-,,,20946.323566666662,14135,6229.0,7906.0,0.4406791651927839,0.0,0.0
11120650,11380631,은평구,신사1동,검토대상,일치,-,-,,,18383.780958333333,11155,3018.0,8137.0,0.2705513222770058,0.0,0.0
11120670,11380640,은평구,증산동,검토대상,일치,-,-,,,11641.863908333333,6267,3128.0,3139.0,0.4991223871070688,0.0,0.0
11130710,11410710,서대문구,북가좌1동,검토대상,일치,-,-,,,12510.217891666667,6389,4671.0,1718.0,0.7311003286899358,0.0,0.0
11140760,11440655,마포구,서강동,검토대상,일치,-,-,,,26234.7105375,11440,6163.0,5277.0,0.5387237762237762,0.0,0.0
11160510,11500510,강서구,염창동,검토대상,일치,-,-,,,26401.9924875,15903,12368.0,3535.0,0.7777148965603974,0.0,0.0
11160520,11500520,강서구,등촌1동,검토대상,일치,-,-,,,17770.2973875,13480,4794.0,8686.0,0.3556379821958457,0.0,0.0
11170520,11530520,구로구,구로1동,검토대상,일치,-,-,,,13130.453220833331,8041,6451.0,1590.0,0.8022634000746176,0.0,0.0
11170650,11530760,구로구,개봉3동,검토대상,일치,-,-,,,18553.928591666667,8087,2027.0,6060.0,0.250649190058118,0.0,0.0
11180580,11545680,금천구,시흥2동,검토대상,일치,-,-,,,10589.262354166667,7830,7296.0,534.0,0.9318007662835248,0.0,0.0
11190680,11560680,영등포구,신길6동,검토대상,일치,-,-,,,16871.876754166668,8577,4093.0,4484.0,0.4772064824530722,0.0,0.0
11200530,11590530,동작구,상도1동,검토대상,일치,-,-,,,34853.0827375,21606,9039.0,12567.0,0.4183560122188281,0.0,0.0
11200540,11590540,동작구,상도2동,검토대상,일치,-,-,,,17476.898908333333,11462,6995.0,4467.0,0.6102774384924097,0.0,0.0
11200650,11590640,동작구,사당3동,검토대상,일치,-,-,,,14252.6903125,9584,5216.0,4368.0,0.5442404006677797,0.0,0.0
11200670,11590651,동작구,사당5동,검토대상,일치,-,-,,,9050.317383333331,6228,2686.0,3542.0,0.4312780989081567,0.0,0.0
11210540,11620545,관악구,청림동,검토대상,일치,-,-,,,9088.535704166668,5880,4279.0,1601.0,0.7277210884353742,0.0,0.0
11210790,11620565,관악구,성현동,검토대상,일치,-,-,,,17452.60540416667,12283,9465.0,2818.0,0.7705772205487259,0.0,0.0
11220520,11650520,서초구,서초2동,검토대상,일치,-,-,,,41315.05451666666,10663,6969.0,3694.0,0.6535684141423614,0.0,0.0
11220540,11650531,서초구,서초4동,검토대상,일치,-,-,,,41412.464283333335,10100,8775.0,1325.0,0.8688118811881188,0.0,0.0
11220590,11650580,서초구,반포3동,검토대상,일치,-,-,,,28883.71590833333,7749,7648.0,101.0,0.986966060136792,0.0,0.0
11240530,11710531,송파구,거여1동,검토대상,일치,-,-,,,12027.654683333334,5201,1540.0,3661.0,0.2960969044414536,0.0,0.0
11240600,11710570,송파구,오금동,검토대상,일치,-,-,,,33849.82319166666,14638,7013.0,7625.0,0.4790955048503894,0.0,0.0
11240620,11710590,송파구,송파2동,검토대상,일치,-,-,,,16784.469333333334,7146,4717.0,2429.0,0.6600895605933389,0.0,0.0
11240670,11710632,송파구,가락2동,검토대상,일치,-,-,,,19666.792145833333,11502,6112.0,5390.0,0.5313858459398365,0.0,0.0
11240690,11710642,송파구,문정2동,검토대상,일치,-,-,,,43863.16950416667,14998,5513.0,9485.0,0.367582344312575,0.0,0.0
11250550,11740550,강동구,고덕1동,검토대상,일치,-,-,,,22381.346329166667,7837,6034.0,1803.0,0.7699374760750287,0.0,0.0
11250710,11740700,강동구,둔촌2동,검토대상,일치,-,-,,,22666.428750000003,10174,5211.0,4963.0,0.5121879300176921,0.0,0.0
11250740,11740685,강동구,길동,검토대상,일치,-,-,,,60241.3232625,22707,10677.0,12030.0,0.4702074250231206,0.0,0.0
11250760,11740520,강동구,상일1동 외 1개 통합,검토대상,일치,-,-,,,37731.3723,18223,15840.0,2383.0,0.8692311913515887,0.0,0.0
11150620,11470610,양천구,신월6동,검토대상,정주만 부족(누락),보통,공급부족,-0.7715326220835275,-1.4502404840077936,3962.592545833333,5071,4320.0,751.0,0.8519029777164268,18.0,2.396804260985353
11190670,11560670,영등포구,신길5동,검토대상,정주만 부족(누락),보통,공급부족,-0.903846142152058,-1.238670242009638,9510.812529166667,4111,1597.0,2514.0,0.388469958647531,26.0,1.0342084327764518
11100530,11320680,도봉구,쌍문3동,검토대상,정주만 부족(누락),보통,공급부족,-0.9804725300482197,-1.1267479350202092,15713.373699999998,7742,2044.0,5698.0,0.2640144665461121,32.0,0.5616005616005616
11010580,11110580,종로구,교남동,검토대상,정주만 부족(누락),보통,공급부족,-0.6030263892827162,-1.092548543261813,6608.719070833333,3988,2361.0,1627.0,0.5920260782347041,30.0,1.843884449907806
11140700,11440700,마포구,망원2동,검토대상,정주만 부족(누락),보통,공급부족,-0.9222315624494762,-1.0665381557701468,15482.895120833333,7624,2749.0,4875.0,0.3605718782791186,34.0,0.6974358974358974
11210710,11620715,관악구,난향동,검토대상,정주만 부족(누락),보통,공급부족,-0.40657652530792965,-1.0016800631439733,5499.7311291666665,5699,3790.0,1909.0,0.6650289524477978,34.0,1.78103719224725
11030630,11170630,용산구,이촌1동,불필요,확충 불필요,보통,-,-0.8556870458613951,,25158.46365833333,8403,8363.0,40.0,0.9952397953111984,49.0,122.5
11110590,11350612,노원구,하계2동,불필요,확충 불필요,-,-,,,16460.286829166667,7322,7319.0,3.0,0.9995902758809068,0.0,0.0
11110720,11350700,노원구,상계8동,불필요,확충 불필요,공급부족,-,-1.632260842259999,,13125.853733333335,8755,8753.0,2.0,0.9997715591090806,13.0,650.0
11110730,11350710,노원구,상계9동,불필요,확충 불필요,공급부족,-,-1.72192421361115,,12025.2878625,7932,7928.0,4.0,0.9994957135653052,11.0,275.0
11110740,11350720,노원구,상계10동,불필요,확충 불필요,공급부족,-,-1.560154808616129,,15908.074120833331,7251,7216.0,35.0,0.995173079575231,16.0,45.71428571428572
11220560,11650550,서초구,반포본동,불필요,확충 불필요,보통,-,-0.2994988430025031,,7675.167845833334,42,39.0,3.0,0.9285714285714286,47.0,1566.6666666666663
11220580,11650570,서초구,반포2동,불필요,확충 불필요,보통,-,0.1008611729725366,,28680.7366,8163,8160.0,3.0,0.9996324880558618,162.0,5400.0
11240590,11710566,송파구,오륜동,불필요,확충 불필요,공급부족,-,-1.3187151022138885,,43261.173729166665,5484,5477.0,7.0,0.99872355944566,39.0,557.1428571428571
11240660,11710631,송파구,가락1동,불필요,확충 불필요,-,-,,,27333.088804166666,9324,9322.0,2.0,0.9997854997854998,0.0,0.0
11240750,11710690,송파구,잠실4동,불필요,확충 불필요,보통,-,0.31453184794010297,,25042.368525,6774,6773.0,1.0,0.9998523767345734,192.0,19200.0
11240780,11710720,송파구,잠실7동,불필요,확충 불필요,보통,-,0.2869116027597376,,10614.840883333332,3120,3120.0,0.0,1.0,113.0,
11240790,11710670,송파구,잠실2동,불필요,확충 불필요,-,-,,,44871.769316666665,11001,11001.0,0.0,1.0,0.0,
11250700,11740690,강동구,둔촌1동,불필요,확충 불필요,-,-,,,23386.85190833333,11698,11691.0,7.0,0.9994016071123268,0.0,0.0
