adm_cd,admi_cd,sgg_nm,admi_nm,유형,home_index,young_ratio,slots_per_1k,food_per_1k,fac_per_1k,living_pop,store_food,facility_cnt,resident_pop,worker_pop,PC1,PC2
11240650,11710620,송파구,가락본동,상권형,0.4768318557247859,0.295911076811862,0.7111717219790641,13.193461600852983,3.5313354470684564,40777.774345833335,538.0,144.0,25171.0,27617.0,0.5822624187724148,-1.430276331371768
11180510,11545510,금천구,가산동,상권형,0.18834382577698905,0.430813000434153,21.002167969329346,25.819385488553863,6.843150120767546,44423.985245833326,1147.0,304.0,24622.0,106107.0,3.5248041542741935,0.6865743293427273
11160751,11500603,강서구,가양1동,상권형,0.8644180231668113,0.3805532624337729,7.635034982370299,41.35643948783912,8.875728167005471,31434.04065,1300.0,279.0,33880.0,5314.0,3.0999696052170207,2.502840873633115
11010600,11110600,종로구,가회동,상권형,0.22849510240427426,0.4303867531830861,2.259623669502777,21.13412726182009,8.373899481098526,7523.376670833332,159.0,63.0,3849.0,12996.0,2.929645204554981,0.2522742365460702
11020590,11140590,중구,광희동,상권형,0.09678244411478848,0.3998133682397209,21.300203730314223,18.846420260582022,6.304860304173009,29342.44235,553.0,185.0,5676.0,52971.0,2.843132789115689,0.13219887145408932
11170540,11530540,구로구,구로3동,상권형,0.27086095796403564,0.3729770282029838,5.4416045256503605,25.600275836582373,5.781704808503507,32343.401504166668,828.0,187.0,23287.0,62687.0,2.821815903829466,-0.11319097740702558
11170560,11530560,구로구,구로5동,상권형,0.691358024691358,0.3558138929709856,12.384845215791929,15.359496260693453,4.776603120178411,34962.0841,537.0,167.0,28952.0,12925.0,0.8045105369111824,-0.3758678983001738
11050600,11215850,광진구,구의1동,상권형,0.8595014827282199,0.3731335019353875,9.054916044907776,21.005299429756988,4.053654275918015,18995.2064875,399.0,77.0,21448.0,3506.0,1.0571833567451057,-0.39102423791900054
11050540,11215730,광진구,군자동,상권형,0.9500249376558604,0.4628833298779181,1.4961478505607586,17.09235574731533,6.120604843203103,22056.64365833333,377.0,135.0,19048.0,1002.0,1.1195626933687586,-0.37738906188766796
11210580,11620585,관악구,낙성대동,상권형,0.74169360051713,0.5103367804838889,4.48981440513804,20.39441119622025,5.631292643732458,26281.709966666665,536.0,148.0,17211.0,5994.0,2.239034548627098,-0.5850506391978599
11210630,11620630,관악구,남현동,상권형,0.8268051850811924,0.3965107906741525,5.443645558150856,9.69234453036616,3.098009667240325,22595.15221666667,219.0,70.0,17668.0,3701.0,0.19253750785875653,-1.6492448824458963
11200720,11590510,동작구,노량진1동,상권형,0.9186807509041851,0.4862896815499384,0.8622251549499627,8.387099234513274,4.7030462997270694,38273.065695833335,321.0,180.0,32005.0,2833.0,0.5044536701632718,-1.5378172727468424
11200520,11590520,동작구,노량진2동,상권형,0.7055440055440055,0.4002869094987077,5.921422297750641,13.291703242823246,4.535557504660066,15874.564466666665,211.0,72.0,10181.0,4249.0,0.8579678356317546,-0.9945837159906719
11230520,11680521,강남구,논현1동,상권형,0.31697816963072556,0.4561853636633958,11.664324789221215,22.408494026624513,8.119019574863955,36950.27425833333,828.0,300.0,20996.0,45242.0,3.072791246652241,0.6059331106147559
11230530,11680531,강남구,논현2동,상권형,0.26324700165425974,0.3811384855241546,0.2994206800046136,21.350997720328984,5.527766400085174,43417.174791666665,927.0,240.0,20369.0,57007.0,2.4668249899152137,-0.6984625614846318
11050590,11215780,광진구,능동,상권형,0.8865805727119596,0.4065800176869016,4.812989145089523,9.063421117376372,2.937798569080617,15998.373916666666,145.0,47.0,11053.0,1414.0,0.06476974628403745,-1.7569349576331048
11190550,11560550,영등포구,당산1동,상권형,0.7001403555674375,0.3924828474507004,32.05921735620349,22.535864697254443,5.377410337596233,24361.168625,549.0,131.0,20951.0,8973.0,1.82256050606795,0.9617405843990567
11190560,11560560,영등포구,당산2동,상권형,0.7028503517414556,0.4021366998658678,1.3295113165568488,9.178741589305938,4.908964861132981,39112.11537083334,359.0,192.0,36667.0,15502.0,0.4734542416785501,-1.2859153396347702
11190710,11560710,영등포구,대림2동,상권형,0.7653161088275592,0.2883081496530062,8.896682734292536,20.444694760261658,5.066984868537471,16972.61827916667,347.0,86.0,11730.0,3597.0,0.6320795169263816,0.16677352748416854
11230630,11680630,강남구,대치4동,상권형,0.2986937963349273,0.2107834034699489,4.436049945053646,12.821494566927203,2.976084140352446,53425.90884583333,685.0,159.0,18614.0,43704.0,0.3516895284632417,-1.3616011631713876
11210730,11620735,관악구,대학동,상권형,0.9762355500060418,0.4937560634996616,0.159162660121504,10.663898228140772,9.00860656287713,31414.403329166667,335.0,283.0,24237.0,590.0,0.7140662386392157,0.21381235346337102
11140600,11440600,마포구,대흥동,상권형,0.812127565658795,0.4225564101659604,11.029008122077052,11.140788609800806,7.787373978088189,26838.31553333333,299.0,209.0,14719.0,3405.0,0.6519022924399891,0.34108213233689955
11140750,11440585,마포구,도화동,상권형,0.6084588368355259,0.3214713332507666,3.452024432468211,19.890236015650167,7.8903415599273385,18250.160516666667,363.0,144.0,20443.0,13155.0,1.188653866523038,0.7343147377129103
11180520,11545610,금천구,독산1동,상권형,0.8115448106927952,0.3743203261964827,8.875599871694387,12.573766484900379,6.17309350050539,35152.553575,442.0,217.0,45720.0,10617.0,0.41055227676426614,-0.11516634532360825
11140690,11440690,마포구,망원1동,상권형,0.8485533253577917,0.4609817232481416,13.165775625161912,19.956544105508584,4.388591875053971,21647.0345625,432.0,95.0,19151.0,3418.0,1.627717122746256,-0.4606095071683445
11020550,11140550,중구,명동,상권형,0.01943198804185351,0.4551685921964616,2.363063943847409,23.630639438474095,11.643460523320872,46549.73484166667,1100.0,542.0,2392.0,120704.0,3.8653330298182795,1.3787130161479995
11190760,11560605,영등포구,문래동,상권형,0.32936989570261876,0.3652239140142011,2.5835200144475507,15.754406362611531,4.685796104635263,39481.017925,622.0,185.0,32022.0,65200.0,1.672788590141941,-1.1286568868430755
11240680,11710641,송파구,문정1동,상권형,0.44962419882879145,0.3079361670314637,20.52365265323497,9.588070052647652,3.6279183982991117,19294.81105,185.0,70.0,19502.0,23872.0,0.4786314024661245,-0.8316558804118835
11220600,11650581,서초구,반포4동,상권형,0.27002455565949485,0.3051427812613664,26.069854510871128,7.321455203840447,2.2238064871477996,58458.323937500005,428.0,130.0,18474.0,49942.0,0.6477538990092115,-1.3977713927725228
11220560,11650550,서초구,반포본동,상권형,0.02021772939346812,0.2879521120657273,6.123644582641302,3.3875480669930607,4.299580238875808,7675.167845833334,26.0,33.0,117.0,5670.0,0.6582210213015004,-1.8153552241815794
11220620,11650600,서초구,방배1동,상권형,0.4898486965310187,0.2919301114999458,5.8063443861004,10.262376124270476,4.591063002963108,22217.07694583333,228.0,102.0,16479.0,17162.0,0.28887521857518206,-0.9567790060338334
11220630,11650610,서초구,방배2동,상권형,0.5358045994109422,0.3308617656301278,22.027791174800164,14.073311028344552,4.982476575252419,22880.18785,322.0,114.0,18010.0,15603.0,0.9020231635358545,-0.009936598491020602
11240580,11710562,송파구,방이2동,상권형,0.39068137922774027,0.4189904165966141,1.9090762667059524,16.35365332081846,3.772150695659954,43476.52393333334,711.0,164.0,26094.0,40697.0,1.9535606229188627,-1.602309720559478
11040550,11200550,성동구,사근동,상권형,0.9646032002586068,0.5124272315477125,9.12075419085078,15.905157554488547,5.751017420832016,22256.931362500003,354.0,128.0,11936.0,438.0,1.3530568898375668,-0.42263023070647676
11200630,11590620,동작구,사당1동,상권형,0.8533196284452566,0.4135111775853639,3.1226027862230032,21.47389916064127,6.05304540098613,20815.968104166663,447.0,126.0,22415.0,3853.0,1.4079219456361243,0.00132934775799174
11010530,11110530,종로구,사직동,상권형,0.16588263508402973,0.3700099175979029,42.39531302523105,25.774792145508002,6.687162697701069,30805.292066666665,794.0,206.0,8992.0,45215.0,3.2355970263090295,1.7094168082571002
11080820,11290555,성북구,삼선동,상권형,0.8160894102025008,0.3589330150958968,17.90809169124645,16.14084580066292,6.40135733700257,25463.34963333333,411.0,163.0,22125.0,4986.0,0.6740223068871984,0.6068345176733473
11230580,11680580,강남구,삼성1동,상권형,0.0602264323259196,0.4385422974426276,2.682452662883426,10.746369001304588,3.2951116044061837,60392.49163333333,649.0,199.0,12134.0,189339.0,2.2964370510907943,-2.4062463854304945
11230590,11680590,강남구,삼성2동,상권형,0.30204166296263374,0.3077487695657996,8.040652081951206,15.071871651449666,6.161019127728847,28729.013225,433.0,177.0,30579.0,70662.0,1.3131353355452815,-0.20620731767171072
11010540,11110540,종로구,삼청동,상권형,0.34799442465541275,0.4494449308620269,3.02399429583956,18.35996536759733,5.29199001771923,9259.276725,170.0,49.0,2247.0,4210.0,2.4851946352985497,-1.0061171711221681
11070600,11260590,중랑구,상봉2동,상권형,0.814719485220189,0.3793031676714308,3.341689131483517,21.099269748785463,4.934819996493101,25735.4878375,543.0,127.0,20258.0,4607.0,1.199042691649169,-0.34905486299715055
11140740,11440740,마포구,상암동,상권형,0.646921550238817,0.3322745213571861,16.195238283855176,14.197970291744353,5.362230370123632,46062.92213333333,654.0,247.0,29662.0,16189.0,0.6550274804588359,-0.016354665424448606
11140660,11440660,마포구,서교동,상권형,0.4832723470987977,0.5621818700513694,1.733586963061454,18.885210636249173,2.9981842163091814,119405.60491666668,2255.0,358.0,24037.0,25701.0,2.983789993695287,-2.1730014378034506
11210660,11620665,관악구,서림동,상권형,0.9424483692357435,0.4444495861165269,0.8228961154522838,9.531880003988954,5.074526045289084,14582.6426625,139.0,74.0,23319.0,1424.0,0.270007031422003,-1.1715852427730493
11210640,11620645,관악구,서원동,상권형,0.9086509856808536,0.4768787283757494,0.9300505710347748,18.290994563683903,4.856930759848268,19353.7863,354.0,94.0,22908.0,2303.0,1.4003810895144506,-0.8939761449598884
11220510,11650510,서초구,서초1동,상권형,0.2972128004719068,0.3099900767617622,3.387307260278122,13.981651244552248,6.990825622276124,27750.65642916667,388.0,194.0,20154.0,47656.0,1.2296736611066013,-0.15979719754276722
11220530,11650530,서초구,서초3동,상권형,0.3806053945576606,0.3188532102546127,0.3464216503433525,13.676124283120176,5.00052121365187,66393.07900416666,908.0,332.0,31862.0,51852.0,1.0289307994705157,-1.0196127099922634
11240630,11710600,송파구,석촌동,상권형,0.7629870937259096,0.3674288442999521,2.4196644755495824,22.213313218160103,6.3069942887276005,25210.1068625,560.0,159.0,30682.0,9531.0,1.3555789451460594,0.19284858045792005
11040650,11200650,성동구,성수1가1동,상권형,0.8223729900101501,0.4033043975582812,9.512915477248434,10.414139048777233,4.1556420242716845,19972.8464375,208.0,83.0,15394.0,3325.0,0.35528850983382426,-1.0645632449350104
11040660,11200660,성동구,성수1가2동,상권형,0.5795327602117636,0.4601251869804765,13.422010578601494,20.47978513817006,3.2229143942538543,24511.9759125,502.0,79.0,11932.0,8657.0,2.2547472069018855,-1.0806847876650554
11040670,11200670,성동구,성수2가1동,상권형,0.6550171140335075,0.4324238482774406,7.674828452720023,18.239561446279065,5.163927786089398,21107.96365,385.0,109.0,14544.0,7660.0,1.6850427771445962,-0.5555394938067361
11040680,11200690,성동구,성수2가3동,상권형,0.2435592066887031,0.4872126936132829,3.512193554225296,10.283123395876125,1.88282541051253,55236.135766666666,568.0,104.0,10021.0,31123.0,2.1657917452491544,-2.9477560901415543
11020520,11140520,중구,소공동,상권형,0.023063238595450886,0.3974020560469098,2.0268000199872285,22.81143551907195,9.180211855236273,25162.8179875,574.0,231.0,2178.0,92258.0,3.3278637033514866,0.5859347753367244
11240610,11710580,송파구,송파1동,상권형,0.6815608218538408,0.4382369312193651,4.549302217243079,16.183583297405708,3.8035149685147056,26817.29948333333,434.0,102.0,23353.0,10911.0,1.4347692346688679,-1.3155451107202478
11090650,11305635,강북구,수유3동,상권형,0.8937791601866252,0.3476264147560356,5.246231961448228,26.30557444499218,5.878756382332057,26876.432654166667,707.0,158.0,22988.0,2732.0,1.3155050588232162,0.555336477379657
11020650,11140650,중구,신당5동,상권형,0.9422630650700826,0.3239960217018867,5.918318550111559,33.668656640634644,8.54868235016114,7603.510966666666,256.0,65.0,10151.0,622.0,1.7852132186557481,2.130835721693814
11020690,11140615,중구,신당동,상권형,0.6372972040041422,0.3690489480521252,65.26598844070796,15.013262516712372,5.160808990119878,19183.038975,288.0,99.0,7385.0,4203.0,1.232940133784798,1.8729840771758421
11200700,11590680,동작구,신대방2동,상권형,0.6662750396522352,0.3178595296003187,5.784751322989905,13.821972187674993,5.579981364653978,19534.115416666667,270.0,109.0,22684.0,11362.0,0.43070082380971597,-0.325480283632614
11210690,11620695,관악구,신림동,상권형,0.9452615744609728,0.5340255827140121,10.890948513173484,14.953716140344783,5.735671944241835,29290.37811666667,438.0,168.0,22622.0,1310.0,1.4667621698728057,-0.4978201131386008
11210680,11620685,관악구,신사동,상권형,0.8750497888950849,0.4340717289814828,17.24702795534546,14.020965172331199,4.901133843425508,16118.7191625,226.0,79.0,21969.0,3137.0,0.8438896113042228,-0.3168238027635144
11230510,11680510,강남구,신사동,상권형,0.35806077476223613,0.3862805648929378,13.038584209897852,18.38954439639715,6.075325975938068,42796.05753333333,787.0,260.0,15436.0,27674.0,2.077867764448331,-0.06456010060756294
11210650,11620655,관악구,신원동,상권형,0.977742981769377,0.4442639227477374,5.436024295081739,13.322087709073555,4.1344410131607585,13061.015945833336,174.0,54.0,17484.0,398.0,0.5531805977421551,-1.0910087161799373
11130750,11410585,서대문구,신촌동,상권형,0.9251516265392391,0.5839378505184869,0.7721283293805857,19.001071062148327,6.177026635044686,59575.58899166667,1132.0,368.0,20135.0,1629.0,2.2090786250747194,-0.7128558816656042
11080600,11290600,성북구,안암동,상권형,0.8858504617217754,0.5149879699974793,1.086631429508051,15.756155727866743,6.979517258763251,23927.15625,377.0,167.0,14869.0,1916.0,1.5178696061732802,-0.37560566003554763
11230770,11680545,강남구,압구정동,상권형,0.34098801535288126,0.3791728413205124,4.882149689831741,18.592023104542918,6.237195318029938,50182.81199166667,933.0,313.0,26119.0,50479.0,2.0507508541202073,-0.32289703416543775
11220670,11650652,서초구,양재2동,상권형,0.3855068238552504,0.3092823518507842,22.53554190639121,13.984998904298084,3.6645184294684823,40114.4114375,561.0,147.0,21157.0,33724.0,1.057467392935491,-0.5429723430634611
11190610,11560610,영등포구,양평1동,상권형,0.6507400488575945,0.3436011678693074,23.085024086848613,15.95928961106116,5.123461978458749,16980.705695833334,271.0,87.0,18114.0,9722.0,0.9203777759510127,0.24531999723731482
11190620,11560620,영등포구,양평2동,상권형,0.599752435283354,0.3849731144475303,4.040975538217856,11.959654875735673,5.347149449561001,24499.034716666665,293.0,131.0,22288.0,14874.0,0.8658752638506166,-0.8759224805637489
11190540,11560540,영등포구,여의동,상권형,0.11731511418047234,0.4091477645015215,1.4996358052354852,17.778441028964135,4.126584043372129,96690.14269583332,1719.0,399.0,33346.0,250897.0,2.6350290481798715,-1.596524766292675
11230640,11680640,강남구,역삼1동,상권형,0.1443553100831011,0.4914500778663239,5.821664379582311,24.99891174761816,5.800261201716199,93444.06762916666,2336.0,542.0,34082.0,202016.0,3.8875070328260337,-0.6333906260540928
11230650,11680650,강남구,역삼2동,상권형,0.39412734212352535,0.2781782315347154,1.1968512609829969,10.541497644811779,4.488192228686238,43447.3369375,458.0,195.0,36348.0,55876.0,0.409720931238421,-1.204770511121995
11140710,11440710,마포구,연남동,상권형,0.7891315219203201,0.5291655912863932,6.646721318322586,31.066197466072964,2.5045616561795256,20762.116145833334,645.0,52.0,14202.0,3795.0,3.2320361998336997,-1.102084842630362
11130760,11410615,서대문구,연희동,상권형,0.7855395867787845,0.4330059052462122,5.6035330735806,10.718553007413147,5.775949475844619,34799.473375,373.0,201.0,33724.0,9207.0,0.686377749117951,-0.729179660738776
11190740,11560535,영등포구,영등포동,상권형,0.6801221708112051,0.4255648862040035,12.507727536057962,12.000657500812368,4.225583627046609,76912.4525,923.0,325.0,29839.0,14034.0,0.9959955199782548,-1.0165912629297307
11240590,11710566,송파구,오륜동,상권형,0.5319962937501868,0.3470239785676103,0.9015011993007072,1.063309106867501,1.7105407371346755,43261.173729166665,46.0,74.0,17799.0,15658.0,-0.35789612329529363,-2.925563731515241
11140590,11440590,마포구,용강동,상권형,0.5835592188969408,0.2702378421639387,34.278952709064235,17.636272770605512,4.471167744660552,20128.9696875,355.0,90.0,21098.0,15056.0,0.7506391326150986,0.7566377663945452
11040700,11200790,성동구,용답동,상권형,0.8220675252349461,0.3727330994804552,20.6136475489536,12.555585325271739,5.122179087921804,16008.8116,201.0,82.0,11809.0,2556.0,0.40940612612769806,-0.008958798115977417
11030520,11170520,용산구,용산2가동,상권형,0.9487426431246656,0.4588206249880963,8.496303985414599,16.32184712987541,4.695325886676488,13417.599016666669,219.0,63.0,8866.0,479.0,1.0282735978401736,-0.6549311692680186
11060810,11230536,동대문구,용신동,상권형,0.6732892219667586,0.3204589530729885,6.855541481151426,14.12974198405256,6.044389626511373,38217.2583625,540.0,231.0,38362.0,18615.0,0.4752740507042419,-0.09052582456329492
11020600,11140605,중구,을지로동,상권형,0.15544141874212616,0.4618433620252747,65.81552201155884,36.9552396321587,8.505571026449225,17047.65024583333,630.0,145.0,3208.0,17430.0,5.10319084811618,3.686447963112093
11060890,11230740,동대문구,이문1동,상권형,0.9412639405204462,0.4645855102366711,2.684350114117525,9.605445589071143,4.754210443075616,30919.9606875,297.0,147.0,17724.0,1106.0,0.4249147605681209,-1.280656315787968
11030650,11170650,용산구,이태원1동,상권형,0.24735781552000657,0.4678993041868701,0.7290529488920666,47.145424028353645,5.751417707926303,12344.782383333331,582.0,71.0,6015.0,18302.0,5.561875035536849,0.5500391487930585
11030660,11170660,용산구,이태원2동,상권형,0.9082039446076374,0.4203618546074009,9.643615567641866,20.70280773236878,5.308412239068917,11302.814720833334,234.0,60.0,8657.0,875.0,1.2773982261748333,-0.0295100335624242
11010640,11110640,종로구,이화동,상권형,0.8085181274199226,0.4525062926988986,0.2735894651963864,5.894609386503963,2.959740578033635,40206.22647916667,237.0,119.0,6891.0,1632.0,0.24408204035116038,-2.3386805561267234
11210620,11620625,관악구,인헌동,상권형,0.9399066943127962,0.416141287682489,1.2750674147401002,10.200539317920803,5.578419939487939,18822.534183333333,192.0,105.0,25385.0,1623.0,0.1495436668965072,-0.8294399800789093
11050640,11215820,광진구,자양1동,상권형,0.6458351853498089,0.3547403175240964,3.278950269143711,14.109422370254755,5.266192856503536,20128.393108333334,284.0,106.0,21795.0,11952.0,0.7475871573162699,-0.675850881922933
11050670,11215847,광진구,자양4동,상권형,0.9747638724911453,0.4281924823136744,7.255050510827996,11.749069653162746,3.1135034580881276,34045.24884166667,400.0,106.0,19815.0,513.0,0.28826951413689733,-1.4378424259111877
11240800,11710680,송파구,잠실3동,상권형,0.46646888367600386,0.2996118179847395,0.7882780318492685,3.202379504387653,1.691513276676555,60892.22084166666,195.0,103.0,33805.0,38665.0,-0.34472755342525396,-2.7087854202857597
11240770,11710710,송파구,잠실6동,상권형,0.1650640705275573,0.4664215855866492,6.956939432148164,5.376521120167957,2.2311787933838207,64539.87480833333,347.0,144.0,16514.0,83532.0,1.7519388635736084,-2.9421903952473767
11240710,11710650,송파구,잠실본동,상권형,0.6944555744766102,0.3366250008780156,1.447967729586915,20.119130558470825,4.877364983871715,39365.51819166667,792.0,192.0,27731.0,12201.0,1.0643576518061906,-0.4586337670082146
11020580,11140580,중구,장충동,상권형,0.5055006111790199,0.4381478495409488,7.380990294255111,8.84326195632452,4.386814986208226,14361.216554166667,127.0,63.0,4549.0,4450.0,1.1566282016591227,-1.5351548325409785
11210720,11620725,관악구,조원동,상권형,0.8793861617158755,0.3909346318823052,4.064922834377379,7.3309591001487995,2.2556797231227073,42559.23348333334,312.0,96.0,19598.0,2688.0,-0.20864960190857706,-2.0967884213993546
11010610,11110615,종로구,종로1.2.3.4가동,상권형,0.05720373568403055,0.4053044650053531,20.04101493492677,25.720349574793175,6.282449822861059,79586.78765416666,2047.0,500.0,6658.0,109733.0,3.6148273104492294,0.40749005033561553
11010630,11110630,종로구,종로5.6가동,상권형,0.220889144547621,0.3485594066971063,4.932356713198858,23.781005581494494,12.448328847597118,17030.398425,405.0,212.0,5376.0,18962.0,2.7004522094968224,2.329969314954031
11050550,11215740,광진구,중곡1동,상권형,0.7974219241249214,0.3828488311565631,9.059257644005145,18.461668986646846,5.078674739821065,14570.730316666668,269.0,74.0,15218.0,3866.0,1.0416844404242511,-0.23053927163547042
11210610,11620615,관악구,중앙동,상권형,0.9208011201071407,0.4449768676725367,0.4766040988859376,16.125105345640886,6.593023367922136,12589.065041666669,203.0,83.0,15126.0,1301.0,0.9703546944046263,-0.25859727249378534
11010670,11110670,종로구,창신1동,상권형,0.7229859335038363,0.3550953012447719,3.4357637683475803,17.443108362380023,9.778712263758498,11351.187866666667,198.0,111.0,4523.0,1733.0,0.970498303354323,1.2902338695258901
11230780,11680565,강남구,청담동,상권형,0.29665320532972217,0.366651941048996,5.806658253328723,15.919377683283239,6.2633617114557,45981.69693333333,732.0,288.0,24535.0,58171.0,1.8132922817495065,-0.4188612310185598
11210800,11620595,관악구,청룡동,상권형,0.873767596998087,0.4856153485657649,5.129507460904764,10.44036114517485,3.8082706906717196,38600.19729166666,403.0,147.0,35627.0,5147.0,0.798613117510432,-1.6170083033808336
11010720,11110515,종로구,청운효자동,상권형,0.6802786452077828,0.3819089346544584,9.679965580110766,10.077092373140951,4.616598968975904,20144.699729166667,203.0,93.0,11328.0,5324.0,0.4989436734517567,-0.9460242264297524
11030710,11170555,용산구,청파동,상권형,0.8538154794272249,0.4419599953220005,7.885619632176474,17.934976358547715,6.1546299568206635,20797.35108333333,373.0,128.0,18842.0,3226.0,1.2963980637967167,-0.05740675558263432
11020570,11140570,중구,필동,상권형,0.1989783266379011,0.4065499795812938,7.763447079927499,30.292666056972003,9.361803831677276,13138.493629166667,398.0,123.0,4012.0,16151.0,3.7356350106788145,1.4306237026364714
11030730,11170625,용산구,한강로동,상권형,0.26411079634875667,0.5136584013724033,15.729864982763107,10.793179007417764,2.8176368066829545,85887.57764166666,927.0,242.0,20977.0,58448.0,2.4263595814527563,-2.127159446625402
11030740,11170685,용산구,한남동,상권형,0.27994941911009247,0.4639039160288393,15.096285914693349,15.507255585692256,4.68505424938759,36499.04374583333,566.0,171.0,17711.0,45554.0,2.5142673488367335,-0.9973231309538215
11140680,11440680,마포구,합정동,상권형,0.7845117845117845,0.4997862416918694,6.837260406359045,22.09979008765085,4.808137963181522,22669.89858333333,501.0,109.0,16310.0,4480.0,2.2265650054747974,-0.6310000109800273
11210570,11620575,관악구,행운동,상권형,0.9227067090191549,0.4461786898259418,6.519647613709234,12.993056591860245,5.1324885469625885,21626.935741666664,281.0,111.0,28758.0,2409.0,0.6807535949620065,-0.7381543535788311
11010730,11110650,종로구,혜화동,상권형,0.7834240475012371,0.5021574467447177,0.2143725561296922,14.068198996011056,3.8855025798506726,37318.20968333333,525.0,145.0,15833.0,4377.0,1.4400454269111673,-1.719731475730945
11160610,11500591,강서구,화곡6동,상권형,0.7799481251400942,0.3496635041957151,21.55265508615642,22.82670366267798,6.264072167897678,18837.586291666667,430.0,118.0,24357.0,6872.0,1.3362055600387996,1.0864740228477314
11050530,11215710,광진구,화양동,상권형,0.9660607947690032,0.5830891620638465,1.0909466571162634,22.1660525332259,4.140638448600364,40331.944475,894.0,167.0,24821.0,872.0,2.3776374677938166,-1.2555523884915638
11020670,11140670,중구,황학동,상권형,0.9409539351680143,0.3470957197261886,9.621477747199698,23.67053817452669,6.471082378647584,11744.557641666666,278.0,76.0,12685.0,796.0,0.9867929742636288,0.854761205288064
11020540,11140540,중구,회현동,상권형,0.05889867545216163,0.3455284841198709,5.236265180374715,13.670897741194526,5.972172719238188,35330.525408333335,483.0,211.0,4380.0,69985.0,1.9760101133059211,-0.803680308900564
11060720,11230720,동대문구,휘경1동,상권형,0.9488541084404696,0.4560828047953256,3.4945288747117327,8.736322186779331,4.775856128772701,17169.696445833335,150.0,82.0,13580.0,732.0,0.26964359556786177,-1.2522814948028558
11170700,11530595,구로구,가리봉동,주거형,0.9378902045209904,0.3686298585617235,33.186001914125754,18.119360095546405,7.287133951469751,10154.884004166666,184.0,74.0,8713.0,577.0,0.7415234025012428,1.760474739672493
11160660,11500605,강서구,가양3동,주거형,0.9816659748166597,0.3116214044413407,6.483857513830968,3.126145587025645,6.020724834271613,8636.833841666667,27.0,52.0,14189.0,265.0,-1.3207960146933604,-0.4514998162728208
11120550,11380551,은평구,갈현1동,주거형,0.8660521905673929,0.3051361544644501,3.3606793209965877,18.896934542652943,7.327382781845018,18151.0921375,343.0,133.0,14470.0,2238.0,0.3924788667936918,0.7294140835616455
11250750,11740515,강동구,강일동,주거형,0.9967792792792792,0.215645938885352,3.215846561896824,2.7902198110575385,4.421789022608133,42290.57493333333,118.0,187.0,44257.0,143.0,-2.106849972695303,-0.8722837403890475
11170720,11530740,구로구,개봉1동,주거형,0.868523180197189,0.2694072637706344,7.879800182213065,9.323129918559022,6.358452622280839,25635.1678125,239.0,163.0,33122.0,5014.0,-0.7674087460051475,0.13548978404886125
11170640,11530750,구로구,개봉2동,주거형,0.8014019951469399,0.2800464581056786,5.750390112921727,7.124377131053468,5.903055337158587,19650.8406875,140.0,116.0,29724.0,7366.0,-0.7674103568788162,-0.3418417109057865
11230680,11680660,강남구,개포1동,주거형,0.6633653657579918,0.1819744246711089,10.940933741648172,0.351314386199712,1.9071352393698653,19925.17322083333,7.0,38.0,6765.0,3433.0,-1.8369491192065297,-1.798812057551161
11230800,11680670,강남구,개포2동,주거형,0.8248882560025316,0.2142137841214559,4.991995699607694,4.410735926365701,4.615886434568758,29246.820066666667,129.0,135.0,41708.0,8854.0,-1.567427615615775,-0.7698219070961277
11230710,11680690,강남구,개포4동,주거형,0.761721449017866,0.2466268759719081,21.733986021488448,11.618797558657345,7.859774819091733,14631.462433333334,170.0,115.0,23151.0,7242.0,-0.38357785332332794,1.4031290522300914
11240540,11710532,송파구,거여2동,주거형,0.9381361323155216,0.2309950908457808,8.228013955683869,8.495591645299603,5.217764947506843,14948.929433333333,127.0,78.0,23596.0,1556.0,-1.2909270658340612,-0.139978844069828
11250560,11740560,강동구,고덕2동,주거형,0.9507124895222129,0.2434824704334399,1.1201456540616468,7.324029276556922,3.3604369621849406,23211.267129166667,170.0,78.0,22684.0,1176.0,-1.4056379614903498,-1.2392351307515495
11170610,11530720,구로구,고척1동,주거형,0.9263861996127443,0.3162938550720762,6.5446832642289,9.762787189733718,4.881393594866859,27656.036616666668,270.0,135.0,26314.0,2091.0,-0.5552536312184438,-0.567523521861679
11170620,11530730,구로구,고척2동,주거형,0.9414625228519196,0.2120621121299358,26.489603210858856,16.134576501159483,10.27475518481798,12457.717745833334,201.0,128.0,25749.0,1601.0,-0.540228240674659,3.037852423965714
11140770,11440565,마포구,공덕동,주거형,0.7968585929296464,0.3154858831563196,2.7965674655508304,14.999770951590817,6.24687797499666,27533.753770833337,413.0,172.0,36426.0,9286.0,0.23081538363557108,-0.01572118569140423
11110790,11350595,노원구,공릉1동,주거형,0.8556777079763944,0.3272606831017841,0.6979018280894281,14.119090829809199,5.6637417587257435,37254.523420833335,526.0,211.0,35959.0,6065.0,0.07954157935965167,-0.3658343929686948
11160690,11500620,강서구,공항동,주거형,0.844381974125814,0.2924368267206283,2.530933311591154,9.617546584046384,5.939256837867241,29633.3371,285.0,176.0,29436.0,5425.0,-0.5541756777371204,-0.3290807347513519
11010580,11110580,종로구,교남동,주거형,0.9178082191780822,0.2641001894052746,4.539457598129848,9.078915196259695,11.802589755137603,6608.719070833333,60.0,78.0,9715.0,870.0,-0.8606239631472483,2.10257575704223
11170710,11530530,구로구,구로2동,주거형,0.6787165645660217,0.2770576849211701,9.699152383753605,17.32960443390941,6.680884683914194,29487.112758333333,511.0,197.0,22380.0,10594.0,0.4829055434887325,0.6028796642477193
11170550,11530550,구로구,구로4동,주거형,0.9349177697553149,0.2410132405740365,50.72597342757791,27.42475208536148,9.097948782494619,15278.169104166664,419.0,139.0,18646.0,1298.0,0.8371899568839195,4.138971246625393
11120570,11380560,은평구,구산동,주거형,0.9409316807376804,0.2389432849871584,3.640898782012613,5.24856837407013,6.005118770332491,21148.624175,111.0,127.0,31429.0,1973.0,-1.5556134707660867,-0.24179252604805943
11050610,11215860,광진구,구의2동,주거형,0.8958773040664134,0.2745186439341772,9.95723809026768,13.334546916206424,6.5216998018127486,17173.436895833333,229.0,112.0,25468.0,2960.0,-0.40077265730535294,0.5156655269551057
11050620,11215870,광진구,구의3동,주거형,0.7102651118879335,0.2821148201410446,8.378104928214512,9.375498372049572,4.421777601002103,30078.401041666668,282.0,133.0,27836.0,11355.0,-0.3491084137362329,-0.7480777509880592
11040590,11200590,성동구,금호1가동,주거형,0.8949156655745661,0.2466438992006025,0.3719393917582699,4.314496944395931,6.546133294945552,13443.050429166666,58.0,88.0,14750.0,1732.0,-1.492147685085818,-0.29063182569620466
11040720,11200615,성동구,금호2.3가동,주거형,0.9890040558810275,0.2609764076564269,0.6910510878486568,13.821021756973135,8.48108153268806,15917.781179166666,220.0,135.0,21946.0,244.0,-0.6675827007650066,1.0205285078098114
11210810,11620775,관악구,난곡동,주거형,0.962611479533501,0.2600497089540287,24.344814764134128,6.258130348972332,6.5332130016744125,14541.084145833333,91.0,95.0,25257.0,981.0,-1.2564639485611637,0.8272157808914231
11210710,11620715,관악구,난향동,주거형,0.9771731917717319,0.1952175342365657,6.182120398520603,6.909428680699498,12.364240797041207,5499.7311291666665,38.0,68.0,14726.0,344.0,-1.6685902130291088,2.5459731776974657
11130690,11410690,서대문구,남가좌1동,주거형,0.927155627116762,0.2155011758881847,2.988901117334366,12.796232908587754,8.7798970321697,10706.2759,137.0,94.0,16699.0,1312.0,-0.9319387240889304,1.2764617416206872
11130700,11410700,서대문구,남가좌2동,주거형,0.9650904264144682,0.3000205007050885,8.696006809126995,14.51080654294083,6.129113232938907,19089.22148333333,277.0,117.0,29083.0,1052.0,-0.2766314436180701,0.3504749526336593
11220680,11650660,서초구,내곡동,주거형,0.9253715094442327,0.2315351255618867,5.788648505211081,3.875045693571055,7.702251316851109,20902.97932083333,81.0,161.0,17000.0,1371.0,-1.6643764212185577,0.42582376734192007
11120510,11380510,은평구,녹번동,주거형,0.892747600672801,0.2659441133097419,5.316088537750102,9.293861079982696,5.501965759349756,26899.476745833334,250.0,148.0,36092.0,4336.0,-0.8751441468344205,-0.26600659836610335
11020700,11140625,중구,다산동,주거형,0.6922714420358153,0.343102019095121,36.773338021221065,13.22275345869438,6.728738446436193,12780.999095833336,169.0,86.0,13221.0,5877.0,0.6544836462936725,1.3075756887318408
11060910,11230600,동대문구,답십리1동,주거형,0.9408464034613304,0.2981381922592976,1.0563757277046022,8.306954586040735,5.954117737971394,20825.9234125,173.0,124.0,27834.0,1750.0,-0.8602950853210247,-0.3990662774552157
11060860,11230610,동대문구,답십리2동,주거형,0.853516049843075,0.2724747645715097,3.849366206855099,9.944196034375672,5.774049310282648,18704.377845833333,186.0,108.0,27467.0,4714.0,-0.6816373579189434,-0.2422971564847697
11190700,11560700,영등포구,대림1동,주거형,0.9093984214366253,0.2712308308751587,23.17954817137134,12.410579615833385,5.318819835357164,15228.942229166663,189.0,81.0,13711.0,1366.0,-0.5022067107477871,0.5835991817258575
11190720,11560720,영등포구,대림3동,주거형,0.8345502563305888,0.2926704233664817,12.993103729860056,14.113198878985923,5.64527955159437,22319.532425,315.0,126.0,21488.0,4260.0,-0.06268292658065268,0.2421070142185414
11200680,11590660,동작구,대방동,주거형,0.8237933347209695,0.3435341988686111,0.9123841707599004,5.498315134316242,4.7780118416110575,41649.122395833336,229.0,199.0,35620.0,7619.0,-0.5638494014537024,-1.2606430802932236
11230600,11680600,강남구,대치1동,주거형,0.5639451123024964,0.1358310577132092,1.784968527550397,3.256784681846339,4.070980852307923,31933.33614583333,104.0,130.0,23878.0,18463.0,-1.6702168416483756,-1.1227133659333486
11230790,11680610,강남구,대치2동,주거형,0.2707497838933212,0.2071412678893121,17.59430239508034,7.555511238728193,3.698502004971843,56779.744804166665,429.0,210.0,38212.0,102922.0,-0.037664605634667496,-0.8451453477357864
11230660,11680655,강남구,도곡1동,주거형,0.38171653182720194,0.2472166077367894,6.439931969252207,5.10240763717675,3.517193613976206,40373.0973,206.0,142.0,20005.0,32403.0,-0.28870071219166465,-1.5644465205586275
11230670,11680656,강남구,도곡2동,주거형,0.2779002562116427,0.1938445269743793,3.2826116447303435,9.88786678351701,4.7237582204656166,24980.110008333333,247.0,118.0,32648.0,84833.0,0.02555300689088563,-0.8727421877983639
11190750,11560585,영등포구,도림동,주거형,0.9714032855799546,0.3200835185480136,1.9554711734604735,9.125532142815548,4.780040646236715,13807.413970833331,126.0,66.0,17562.0,517.0,-0.7121142216562865,-0.8097320273387573
11100640,11320521,도봉구,도봉1동,주거형,0.9331469834614489,0.1987661309152908,81.24593609951496,19.032133651054107,7.014864971083387,17391.639112499997,331.0,122.0,20030.0,1435.0,-0.14849317939498158,4.296450002764483
11100650,11320522,도봉구,도봉2동,주거형,0.9604582409460458,0.2185466905000009,24.559530815805967,8.66136585615431,7.236799103497351,17549.195187499998,152.0,127.0,25990.0,1070.0,-1.3046057438881602,1.3783449186759218
11180530,11545620,금천구,독산2동,주거형,0.9321526171957116,0.2908687406304438,24.030197712869,17.245200711588343,6.879233070742891,10611.648020833332,183.0,73.0,17737.0,1291.0,0.07355618204810957,1.4346031148118243
11180540,11545630,금천구,독산3동,주거형,0.8953803828665317,0.2889860437194954,18.97165454282288,23.19553234669665,8.519346756965744,13968.207116666666,324.0,119.0,23433.0,2738.0,0.7105913882536116,2.1559720371951
11180550,11545640,금천구,독산4동,주거형,0.926746710946481,0.2915256548332309,19.859507740548803,18.93149336014933,5.939292034556652,10775.6950875,204.0,64.0,14511.0,1147.0,0.21487613658400265,0.9925530338983521
11080590,11290590,성북구,돈암2동,주거형,0.9769702532437732,0.2224004895142452,9.246504159820953,3.6986016639283807,8.136923660642438,10814.898070833333,40.0,88.0,23417.0,552.0,-1.8380390203417367,0.7989330806986807
11020730,11140665,중구,동화동,주거형,0.8841159729633582,0.2821449601519372,18.49275646451424,7.510158738863861,3.7954565669527045,12383.2269375,93.0,47.0,9941.0,1303.0,-0.8793885748840928,-0.5241028286668182
11160530,11500530,강서구,등촌2동,주거형,0.8741230253926583,0.3110913251686827,8.487794659948486,6.635912188686998,4.475382638881928,12959.785716666667,86.0,58.0,19312.0,2781.0,-0.7689664107868045,-0.8417242011104374
11160540,11500535,강서구,등촌3동,주거형,0.7060830290217183,0.3190474173179393,3.595497343008898,10.159753960061842,6.06946340471227,30315.69477083333,308.0,184.0,29390.0,12234.0,0.0018873355103856254,-0.4095857808760411
11040540,11200540,성동구,마장동,주거형,0.7568820224719102,0.3266576977392902,21.10625820580838,10.403651353571268,6.636812070381671,16724.897258333334,174.0,111.0,21556.0,6924.0,0.054189094769742055,0.5676086477253297
11240550,11710540,송파구,마천1동,주거형,0.9684403274450668,0.1963843541017228,38.55946756779527,12.203661278105418,7.4862796075772735,9751.1719875,119.0,73.0,17982.0,586.0,-1.0761476568144028,2.3408220012431915
11240560,11710550,송파구,마천2동,주거형,0.9305342298935776,0.2004461226838112,11.852577572899603,16.980288437771065,7.817657548082718,11896.146566666668,202.0,93.0,17575.0,1312.0,-0.626217879574156,1.573233677144097
11070680,11260660,중랑구,망우3동,주거형,0.9859199393862862,0.2530716177309858,17.8407070074838,12.025958056896489,7.13628280299352,7566.964691666667,91.0,54.0,15615.0,223.0,-0.8314819695666528,1.1519824060007935
11070730,11260655,중랑구,망우본동,주거형,0.96233889710543,0.2701760658814819,9.98343164821769,12.324906596639883,6.123857557411883,38864.391891666666,479.0,238.0,36438.0,1426.0,-0.6824610513453769,0.3787472407088088
11140700,11440700,마포구,망원2동,주거형,0.819474935967801,0.3310807745145684,2.1959717310395384,13.821704424778272,5.360754519890638,15482.895120833333,214.0,83.0,17917.0,3947.0,0.16108720493586623,-0.4775824901064786
11070520,11260520,중랑구,면목2동,주거형,0.9696919850310483,0.2727094355996141,23.849486959552987,15.369669373934146,6.595413677703541,16981.497366666666,261.0,112.0,23580.0,737.0,-0.32194812461874955,1.3067337347776224
11070720,11260575,중랑구,면목3.8동,주거형,0.9325859892106975,0.2897622570085857,8.717411933328558,19.910138366244244,8.071677716044963,18583.49717083333,370.0,150.0,24375.0,1762.0,0.26774359979748147,1.4000027891647315
11070540,11260540,중랑구,면목4동,주거형,0.9593414156387315,0.2597914029049913,19.750728947740917,6.939445305963022,4.651716084216972,13113.44005,91.0,61.0,18121.0,768.0,-1.239469605673694,-0.04096427704039933
11070550,11260550,중랑구,면목5동,주거형,0.9380394177508695,0.254274064085531,56.77156210820368,6.805423848932933,3.7608921270418842,11167.5630625,76.0,42.0,14564.0,962.0,-1.0905960009382816,1.1644294089628702
11070570,11260570,중랑구,면목7동,주거형,0.976542697820176,0.2520825679443336,1.8519560495296583,14.148944218406589,8.000450133968123,13499.240441666669,191.0,108.0,21190.0,509.0,-0.6744468326228111,0.9257006730870526
11070710,11260565,중랑구,면목본동,주거형,0.9757613795989121,0.2980090484686675,5.102095287586259,15.06712514615317,6.696500064956965,25087.732154166664,378.0,168.0,32648.0,811.0,-0.2687348824333467,0.462045766751606
11250530,11740530,강동구,명일1동,주거형,0.8637963437553391,0.2381132184865685,10.570977298997684,12.500948258150785,6.623309428002697,22798.27050833333,285.0,151.0,25279.0,3986.0,-0.6605945409575635,0.6307718073489903
11250540,11740540,강동구,명일2동,주거형,0.8573585665391584,0.1703789001926136,5.638586114664222,8.937758841329458,6.41839057733055,16670.845862500002,149.0,107.0,17034.0,2834.0,-1.4879135929161382,0.3719193195828913
11150510,11470510,양천구,목1동,주거형,0.6440605854322669,0.2265385454792421,29.115875190308515,10.310154104216897,3.917858559602421,48495.88036666667,500.0,190.0,30276.0,16732.0,-0.41970002630013875,0.11689940253090997
11150520,11470520,양천구,목2동,주거형,0.8969402683101441,0.3030606838396935,4.864270617648857,9.614087809000095,5.550991175434579,17474.356729166666,168.0,97.0,28816.0,3311.0,-0.5931240570983534,-0.37167481531339797
11150530,11470530,양천구,목3동,주거형,0.9263093522037305,0.2820429442907533,14.379182672911108,10.598202368480298,5.499607715535722,17455.790479166666,185.0,96.0,21206.0,1687.0,-0.6719944295839672,0.15856466773656555
11150540,11470540,양천구,목4동,주거형,0.9191751956652618,0.2340386525003215,3.669959214539044,14.941976802051819,5.504938821808565,15259.0251625,228.0,84.0,24428.0,2148.0,-0.6328354817516396,0.11576645474880502
11150710,11470550,양천구,목5동,주거형,0.7292174286942812,0.1608066297128205,7.504720153451178,3.777046656177731,3.530180861656311,40507.83957083333,153.0,143.0,40702.0,15114.0,-1.7977666924735005,-1.0079643579003041
11070640,11260620,중랑구,묵1동,주거형,0.966547981393212,0.2562533406642667,5.066299931840057,9.659113888741789,6.818198039111851,21119.949754166668,204.0,144.0,33661.0,1165.0,-1.0529788158659723,0.3366084259867478
11070650,11260630,중랑구,묵2동,주거형,0.9348356612492861,0.2877774600127089,0.0578323745198337,12.665290019843585,5.320578455824703,17291.35295416667,219.0,92.0,18004.0,1255.0,-0.5230463252854498,-0.4044151831695732
11210830,11620765,관악구,미성동,주거형,0.9107060238734154,0.299463773198943,9.049765631122554,10.055295145691726,7.038706601984209,17901.01607083333,180.0,126.0,29526.0,2895.0,-0.5632322107132546,0.4154378548478569
11090700,11305535,강북구,미아동,주거형,0.9719255701161218,0.2922311531363323,13.245663194255595,15.144857549314303,7.0124099263706094,20535.023125,311.0,144.0,20841.0,602.0,-0.2512687524640719,0.9434091382857848
11220570,11650560,서초구,반포1동,주거형,0.7986176860443098,0.3294112039734302,3.893836134924972,7.395487335397068,3.921849344528748,35697.444675,264.0,140.0,33740.0,8508.0,-0.42887563545266816,-1.3255846896475851
11220580,11650570,서초구,반포2동,주거형,0.8530358449158741,0.2371460298082674,5.648390494963786,1.6038639677057667,2.580128991526668,28680.7366,46.0,74.0,23322.0,4018.0,-1.7657036120227245,-1.7269131525832764
11160670,11500611,강서구,발산1동,주거형,0.8459037402696032,0.2407369941821565,1.3486601489198622,17.270342462557124,9.215844350952391,26693.159154166668,461.0,246.0,35643.0,6493.0,-0.14836074736772073,1.4721575620283847
11220640,11650620,서초구,방배3동,주거형,0.5380202820363984,0.2786453267910876,0.0548386465525353,3.619350672467336,6.141928413883964,18235.31510833333,66.0,112.0,15757.0,13530.0,-0.5410349274125323,-0.899791311424542
11220650,11650621,서초구,방배4동,주거형,0.5856734704383414,0.2704791701594832,4.394574312672521,10.200250468863743,6.28948250254049,24803.312504166668,253.0,156.0,22754.0,16097.0,-0.06057405727475236,-0.223803109465714
11220610,11650590,서초구,방배본동,주거형,0.4967372778183589,0.2267532530297694,13.061397615762932,13.2462287140992,6.345867709545198,16231.034858333333,215.0,103.0,20401.0,20669.0,0.15800767969620963,0.4081913335154622
11240570,11710561,송파구,방이1동,주거형,0.7162656034932839,0.2216701278545116,3.0310370317671333,12.17466541093132,3.687761721983346,19795.20519583333,241.0,73.0,15091.0,5978.0,-0.5616972072094365,-0.8803326377849134
11100550,11320690,도봉구,방학1동,주거형,0.8768131972316152,0.2339337371700773,2.012029836106692,16.367088859098665,5.726546456611353,25844.547166666667,423.0,148.0,27745.0,3898.0,-0.4076415710201295,0.17617335678541093
11100560,11320700,도봉구,방학2동,주거형,0.9776359512632523,0.1999815269610045,22.058376135068396,14.092851419627028,6.535815151131375,9792.198604166666,138.0,64.0,18535.0,424.0,-0.9836953812854561,1.3922883293369632
11160700,11500630,강서구,방화1동,주거형,0.9079227262860864,0.2728866973888764,6.992347663585377,13.14139711648709,7.027485089030529,28459.683295833336,374.0,200.0,41828.0,4242.0,-0.4623774347631744,0.5877730136154453
11160710,11500640,강서구,방화2동,주거형,0.9455580198351258,0.3187408432224905,33.40880312010214,10.762288567296585,5.152601476234659,24065.513425,259.0,124.0,22596.0,1301.0,-0.3597368611487248,0.7230901848681814
11160761,11500641,강서구,방화3동,주거형,0.9159100374843815,0.2413680360905677,10.111506359075792,5.992003768341209,6.216703909654004,13351.126450000002,80.0,83.0,21991.0,2019.0,-1.3791317379631942,0.12212183054869732
11090600,11305595,강북구,번1동,주거형,0.8992850481815355,0.3204602577694749,12.557476758995346,21.245893111165095,9.23144237418036,14732.259,313.0,136.0,17358.0,1944.0,0.7228659930050956,1.9429196418465096
11090610,11305603,강북구,번2동,주거형,0.9760998030203546,0.2314797740417743,21.741999208845066,4.516453941933999,11.553719386342788,9520.743608333332,43.0,110.0,14866.0,364.0,-1.5795085398156865,2.630222836745033
11210520,11620525,관악구,보라매동,주거형,0.9335381630012937,0.3678372574817286,16.917616735351,14.409142529764468,4.8419385828763195,17141.894425000002,247.0,83.0,23092.0,1644.0,0.2790464805438407,-0.05653460219934728
11010550,11110550,종로구,부암동,주거형,0.8568718581049037,0.2589106357589222,2.176291102069536,8.21055279417143,8.309475116992774,10108.941758333332,83.0,84.0,9034.0,1509.0,-0.9133702689346351,0.5992480386878696
11130720,11410720,서대문구,북가좌2동,주거형,0.9662613407258065,0.2727404425612295,1.1941867376757582,10.015759735345068,4.430047575248779,25959.0891625,260.0,115.0,30673.0,1071.0,-0.9604021146551616,-0.7663400534438555
11130740,11410555,서대문구,북아현동,주거형,0.9437465530976162,0.3865384346429899,3.210803824275246,1.9459417116819673,1.4789157008782952,51389.00070833333,100.0,76.0,15401.0,918.0,-0.9104485831476504,-2.662479767137986
11120720,11380530,은평구,불광2동,주거형,0.9141835928102554,0.2594087334644914,23.27869609240364,13.74133273379083,7.09027670738979,15937.3187625,219.0,113.0,26600.0,2497.0,-0.4398844892952316,1.3780919280729726
11200730,11590630,동작구,사당2동,주거형,0.9430377548539474,0.2942554830163709,4.816194570309964,10.948616228158057,5.354651106121017,33428.88200416667,366.0,179.0,27151.0,1640.0,-0.635865812124228,-0.30465119047000894
11200660,11590650,동작구,사당4동,주거형,0.9391666098342768,0.315335448999411,6.49554595609793,7.30748920061017,5.034048115975895,12316.131783333332,90.0,62.0,13771.0,892.0,-0.8205654359886257,-0.6364930794073272
11210820,11620745,관악구,삼성동,주거형,0.9577937649880096,0.2778814883655681,19.4578659098347,4.679739902365308,5.788099352925514,16240.2188125,76.0,94.0,19970.0,880.0,-1.3038890435278547,0.18655897941699529
11090690,11305534,강북구,삼양동,주거형,0.9948927477017364,0.2356960426055756,19.39868041324139,6.947951437407374,9.171295897377734,17990.9144625,125.0,165.0,22402.0,115.0,-1.4130252617834738,1.7681522381935124
11240640,11710610,송파구,삼전동,주거형,0.869755192434309,0.3346787086888785,14.16437258501442,12.560120441407813,4.617115925501937,25557.079766666666,321.0,118.0,29062.0,4352.0,-0.003779490724724922,-0.3004673732834781
11110740,11350720,노원구,상계10동,주거형,0.9777921170081196,0.3028924927304519,1.0057785674411888,1.7601124930220806,4.023114269764756,15908.074120833331,28.0,64.0,18184.0,413.0,-1.5620191993743868,-1.4877128152625938
11110650,11350630,노원구,상계1동,주거형,0.9108308605341247,0.222073905179238,2.778763596387934,10.056477777403952,6.2852986108774695,30229.27179166667,304.0,190.0,36834.0,3606.0,-1.1516815750901652,0.132373899169821
11110660,11350640,노원구,상계2동,주거형,0.9169226339028604,0.3062936216104769,2.885649990201863,20.015359506506535,5.587109555497223,32574.983216666664,652.0,182.0,19105.0,1731.0,0.3607302012596364,0.1515275680822836
11110760,11350665,노원구,상계3.4동,주거형,0.9821358390796384,0.2012542675022858,1.3749045386294152,9.567044081296347,6.129782734722809,17455.75734583333,167.0,107.0,27489.0,500.0,-1.5138036732285842,0.11705527082564252
11110690,11350670,노원구,상계5동,주거형,0.9433087027914614,0.2170534696367679,1.0907820214143962,14.361963281956216,6.362895124917311,16501.922150000002,237.0,105.0,22979.0,1381.0,-0.8588559195925956,0.37800128826178814
11110770,11350695,노원구,상계6.7동,주거형,0.8634676199642514,0.2762756566134491,8.384983553652859,5.898869831545542,5.718061560846828,44245.7635875,261.0,253.0,31400.0,4965.0,-1.0401664355180325,-0.30676399402245125
11110720,11350700,노원구,상계8동,주거형,0.9749654156811995,0.2731097596516464,0.9904117678064835,3.428348427022443,7.009067895245884,13125.853733333335,45.0,92.0,21848.0,561.0,-1.557455874407059,-0.16389060965757501
11110730,11350710,노원구,상계9동,주거형,0.9482110135982255,0.2481904079242161,0.9147390171259612,4.24106271576582,6.486331212347725,12025.2878625,51.0,78.0,19664.0,1074.0,-1.6060444322329224,-0.256063404620245
11200550,11590550,동작구,상도3동,주거형,0.959980674772526,0.3101186972798481,4.316295275072199,9.913990709931458,7.620958845049351,14827.5305375,147.0,113.0,23844.0,994.0,-0.6231692548192425,0.43412604817350003
11200560,11590560,동작구,상도4동,주거형,0.96707415321027,0.2917450239611163,3.71594655746982,8.467484778496804,6.82272154814131,16415.736625,139.0,112.0,27609.0,940.0,-0.9221154185451276,0.09371370778602417
11070590,11260580,중랑구,상봉1동,주거형,0.935056034830283,0.292788942696259,1.598765725010824,7.890682449246971,4.022700856478848,19389.9578375,153.0,78.0,23195.0,1611.0,-0.9550207093175964,-1.11783905534451
11030690,11170690,용산구,서빙고동,주거형,0.5518204798438955,0.2961540466925523,4.929465122642827,2.408715912200473,3.4170155963774147,17851.835404166664,43.0,61.0,12443.0,10106.0,-0.5871047611371649,-1.8446099418213608
11080850,11290810,성북구,석관동,주거형,0.9557341786482508,0.2842430827184329,3.038666075237671,14.482992852106822,6.077332150475342,25340.0663625,367.0,154.0,33768.0,1564.0,-0.3963885584655441,0.1387879395109358
11250650,11740640,강동구,성내1동,주거형,0.5952300561711532,0.271007000858377,0.0526278420358892,13.209588351008206,5.1575285195171485,19001.349120833333,251.0,98.0,19392.0,13187.0,0.16745905596005936,-0.6583121015637221
11250660,11740650,강동구,성내2동,주거형,0.9268099905153335,0.3337692063642472,8.126858481513194,13.366000751321193,4.661599027466959,24240.609141666664,324.0,113.0,23452.0,1852.0,-0.08834739446297564,-0.4406309482950571
11250670,11740660,강동구,성내3동,주거형,0.8592056379026389,0.2823321291483277,0.667305613233047,17.27580087592222,5.041864633316355,26974.147441666664,466.0,136.0,22433.0,3676.0,0.04202643764095018,-0.2680589451246763
11080810,11290525,성북구,성북동,주거형,0.4362821886937643,0.3028869303567976,1.4242167407911186,9.257408815142272,9.093076114281757,18255.648354166668,169.0,166.0,15875.0,20512.0,0.44809410777722847,0.42660606188963984
11140720,11440720,마포구,성산1동,주거형,0.769163763066202,0.3595405236844526,9.91784033303328,9.246319893817484,4.442365982504489,19359.0533375,179.0,86.0,18543.0,5565.0,0.06135331884444194,-0.8992117867085614
11140730,11440730,마포구,성산2동,주거형,0.962270275669197,0.360652540098057,1.583663932458515,6.476054295232141,4.4681946665793815,35361.0376875,229.0,158.0,38537.0,1511.0,-0.6626308146969886,-1.2390757727369264
11230760,11680700,강남구,세곡동,주거형,0.9917414799965135,0.2299689406132755,10.515381184313211,4.321047375026569,4.770636119248986,40036.58950833333,173.0,191.0,45513.0,379.0,-1.8104143635562433,-0.4014626322115564
11040690,11200720,성동구,송정동,주거형,0.9285373077290532,0.3979418592595218,14.1706754908985,7.08533774544925,5.195914346662783,8468.191941666666,60.0,44.0,9719.0,748.0,-0.19635716414606796,-0.5576690324767097
11090710,11305545,강북구,송중동,주거형,0.9662541421518902,0.257911107182713,8.309559202251863,13.721915770768405,6.7495270148559205,31409.6083375,431.0,212.0,28576.0,998.0,-0.6426543499842287,0.6696414401776956
11090720,11305555,강북구,송천동,주거형,0.9845639719923616,0.2361265372640469,5.350124267364223,14.266998046304597,7.311836498731106,22429.3855625,320.0,164.0,24748.0,388.0,-0.7898775026845613,0.879080285434266
11170690,11530790,구로구,수궁동,주거형,0.9291296697900896,0.230692879145262,3.9928185197792287,6.844831748192964,9.760223048349225,15778.3279375,108.0,154.0,22707.0,1732.0,-1.3707909917698151,1.3036473264912605
11120680,11380650,은평구,수색동,주거형,0.9914629414047342,0.3158082511995407,8.428211922712784,6.226246645607642,4.555790228493397,13170.053270833334,82.0,60.0,20440.0,176.0,-1.035998837609242,-0.7562710240767033
11230750,11680750,강남구,수서동,주거형,0.41957581740405037,0.2546602105761693,26.079285989676567,7.529934687160136,4.086366994861293,21779.737383333333,164.0,89.0,14026.0,19403.0,0.00769021739430574,-0.38438171778554225
11090630,11305615,강북구,수유1동,주거형,0.9545848167035504,0.2586730365805572,25.113610572662136,15.686800738935588,11.267983629376268,13578.2944875,213.0,153.0,19842.0,944.0,-0.27184488845693827,3.1826913922052147
11090640,11305625,강북구,수유2동,주거형,0.9397689768976898,0.230219151364986,4.086038019839061,11.533171830190897,5.601826317521293,15173.622883333335,175.0,85.0,20502.0,1314.0,-1.0249167355907243,0.007559985847305358
11010700,11110700,종로구,숭인1동,주거형,0.9647098176952668,0.298214476572119,13.302525157054616,4.806794804649987,4.806794804649987,8945.669983333333,43.0,43.0,5768.0,211.0,-1.2083363662375919,-0.49926961780995105
11010710,11110710,종로구,숭인2동,주거형,0.8775868440502587,0.3361590786362743,1.528239357512626,11.42857258661616,5.9136218616792915,15049.998475,172.0,89.0,9499.0,1325.0,-0.15314854856663845,-0.400617278838955
11180570,11545670,금천구,시흥1동,주거형,0.8737349004244205,0.2699031577651852,6.903060222033314,22.123060470612792,9.27338812959897,24047.305783333333,532.0,223.0,32115.0,4641.0,0.4807948553768016,1.9234347853509792
11180590,11545690,금천구,시흥3동,주거형,0.8396460469732054,0.2494770015930591,8.79109245487374,10.489371679110711,6.593319341155304,10010.132466666668,105.0,66.0,10153.0,1939.0,-0.725126151592133,0.3726887663789955
11180600,11545700,금천구,시흥4동,주거형,0.9460212007229739,0.2423453233942591,70.37062184034319,8.68208970757481,8.225137617702451,8753.652929166667,76.0,72.0,19366.0,1105.0,-0.8772962984393341,3.577438616455795
11180610,11545710,금천구,시흥5동,주거형,0.9497595148473442,0.2404581851087275,0.4775412400565761,15.090303185787807,10.123874289199414,10470.299904166666,158.0,106.0,18167.0,961.0,-0.5775743085234857,1.743166235296863
11190630,11560630,영등포구,신길1동,주거형,0.9090224502282676,0.3502356625164204,9.424033392519847,10.813474213211874,5.1348899895140185,16553.421820833333,179.0,85.0,19314.0,1933.0,-0.15968557968413918,-0.42207133909134575
11190650,11560650,영등포구,신길3동,주거형,0.9766103355375949,0.2661200433484571,12.845840550836709,12.203548523294874,9.359112401323888,10898.4693875,133.0,102.0,15950.0,382.0,-0.6863566575267108,1.7425905678783866
11190660,11560660,영등포구,신길4동,주거형,0.9361953167544019,0.2806996635197067,22.87466593339824,12.409132499817344,6.428827680628262,6688.6222708333335,83.0,43.0,10315.0,703.0,-0.4778587099062896,0.980883641143784
11190670,11560670,영등포구,신길5동,주거형,0.9407925848860305,0.2602906587362039,2.733730679714923,6.3086092608805915,6.93947018696865,9510.812529166667,60.0,66.0,9947.0,626.0,-1.2923063242524673,0.06085559827373024
11190690,11560690,영등포구,신길7동,주거형,0.896803445930628,0.2861754802855493,2.02000401422113,4.858928574748124,4.25838684079049,18316.795283333333,89.0,78.0,19779.0,2276.0,-1.197031442523156,-1.1909485411603244
11070690,11260680,중랑구,신내1동,주거형,0.933539374459142,0.2327406720871285,3.2416276786504685,8.363399410918209,5.18660428584075,30848.700070833333,258.0,160.0,37757.0,2688.0,-1.3039733860105318,-0.37763729909522054
11070700,11260690,중랑구,신내2동,주거형,0.9355682358535425,0.2366287935455237,6.610154629262353,7.301914997440972,7.993675365619589,13010.2856625,95.0,104.0,19675.0,1355.0,-1.3182725505202582,0.7549265650047289
11200690,11590670,동작구,신대방1동,주거형,0.8722136889821301,0.3238815000599016,3.615763402655664,8.035029783679253,4.763624800324129,17423.706416666668,140.0,83.0,23282.0,3411.0,-0.5591176102379177,-0.9027582229449178
11170510,11530510,구로구,신도림동,주거형,0.7955113322277502,0.3141882343554907,1.502161133765851,7.713019667605426,4.853135970628133,34616.79232083333,267.0,168.0,35977.0,9248.0,-0.4944312372224435,-1.0055660834155988
11120660,11380632,은평구,신사2동,주거형,0.9563480020232675,0.256017976984268,18.07016272744834,5.856071254265666,6.859969183568352,11953.406466666667,70.0,82.0,18907.0,863.0,-1.3318835514840406,0.6743518599277016
11140630,11440630,마포구,신수동,주거형,0.8624520773022455,0.2980283264723319,1.0063604794519818,10.734511780821139,5.098893095890041,14905.195808333332,160.0,76.0,22046.0,3516.0,-0.47069550160671814,-0.652334536759737
11150570,11470560,양천구,신월1동,주거형,0.8971507991660875,0.2397309948600078,31.858076388244616,20.30855477790776,5.503463317677293,12900.967245833332,262.0,71.0,19365.0,2220.0,0.09239662624263384,1.559865096325572
11150580,11470570,양천구,신월2동,주거형,0.912440170377201,0.2305917518948974,4.213023692756765,8.051556390601817,6.085478667315328,10681.1647125,86.0,65.0,20779.0,1994.0,-1.2816776968471608,-0.0242040035540723
11150590,11470580,양천구,신월3동,주거형,0.9236997214845521,0.2481621913530353,41.08896259560758,7.266258648486394,6.055215540405328,11560.282129166668,84.0,70.0,14261.0,1178.0,-1.0901236579707876,1.4122342727060013
11150600,11470590,양천구,신월4동,주거형,0.9380040864609098,0.1995553182859639,4.672297832307312,15.337325493008786,6.399016596420884,9845.262791666666,151.0,63.0,17445.0,1153.0,-0.8614905197735347,0.6520073146055861
11150610,11470600,양천구,신월5동,주거형,0.9141381114308135,0.265413412416959,43.22294463277916,12.162735582712275,5.427997698069941,9948.419841666668,121.0,54.0,13979.0,1313.0,-0.4845319284909639,1.4734184017526422
11150620,11470610,양천구,신월6동,주거형,0.9587251106194691,0.230621173157858,4.5424806592661175,23.469483406208273,11.860921721417084,3962.592545833333,93.0,47.0,13867.0,597.0,0.17371589268223622,3.084933660287633
11150630,11470611,양천구,신월7동,주거형,0.8768751769034815,0.2282074615278434,21.019434926934608,8.775791013265628,5.237165604690778,14129.780416666666,124.0,74.0,18588.0,2610.0,-1.088563208867675,0.37743001608246624
11150640,11470620,양천구,신정1동,주거형,0.6057701170614803,0.1944379295016082,10.60430950431445,13.336708272297315,6.115368671199745,15371.109258333332,205.0,94.0,19716.0,12831.0,-0.3210219870071022,0.4235167741879385
11150650,11470630,양천구,신정2동,주거형,0.5696555909573661,0.1999474145029304,21.84894735231073,12.112749760228406,5.443071094786182,13044.106675,158.0,71.0,18773.0,14182.0,-0.2774585485168693,0.5217365976144285
11150660,11470640,양천구,신정3동,주거형,0.9601574314630269,0.2310647180907719,5.843745917122631,4.043240418333496,6.412326600950779,31657.77612916667,128.0,203.0,49523.0,2055.0,-1.7514322015899424,-0.020632023045706153
11150720,11470650,양천구,신정4동,주거형,0.8362671874587633,0.2817163024980396,10.724011625926297,16.423250508887126,5.429452426962684,29653.0823625,487.0,161.0,31687.0,6204.0,0.06063436606373683,0.2346203340337243
11150700,11470680,양천구,신정7동,주거형,0.9878074343208496,0.1813636494198355,10.2920749261822,6.154557367917998,5.533929734178368,19335.265379166667,119.0,107.0,28275.0,349.0,-1.95963850666024,0.14461085892319214
11100510,11320660,도봉구,쌍문1동,주거형,0.9591683835924331,0.2511012615023575,2.994010391455953,7.410175718853483,9.431132733086251,13360.007070833331,99.0,126.0,20484.0,872.0,-1.2504675351601706,1.1241289553027736
11100520,11320670,도봉구,쌍문2동,주거형,0.9546278524205588,0.2455039518979751,5.827580600956008,13.82356328598867,5.895343166083403,14757.410645833334,204.0,87.0,17905.0,851.0,-0.7205393383752108,0.280838800216023
11100530,11320680,도봉구,쌍문3동,주거형,0.9395670303307249,0.2766500254069139,2.036481828214905,9.927848912547661,4.963924456273831,15713.373699999998,156.0,78.0,16449.0,1058.0,-0.8683884984651836,-0.5692282993175444
11100540,11320681,도봉구,쌍문4동,주거형,0.98553967041362,0.1897620490536376,1.034289883247609,3.706205414970599,5.516212710653915,11602.163179166666,43.0,64.0,18061.0,265.0,-2.169182664383167,-0.4181886929454639
11140780,11440555,마포구,아현동,주거형,0.8288238219206131,0.2844074665969373,6.066078926152989,8.899576319290242,5.786720028238049,25057.372620833336,223.0,145.0,28335.0,5852.0,-0.6305760810355401,-0.26482650457362855
11250720,11740570,강동구,암사1동,주거형,0.9172881355932203,0.2352521563731392,8.300648432639905,10.113017086054732,3.262263576146688,27588.206133333337,279.0,90.0,33825.0,3050.0,-1.0941737513221008,-0.8180227376983015
11250580,11740580,강동구,암사2동,주거형,0.9052329486474935,0.2723191402146012,8.234536089953872,8.53951890810031,4.650987976733205,13115.492945833334,112.0,61.0,14825.0,1552.0,-0.9306870462941085,-0.5202433957069135
11020710,11140635,중구,약수동,주거형,0.5401249076623463,0.2666749278653646,6.925503433478184,8.735578194500892,6.846804530825023,12706.657479166666,111.0,87.0,16086.0,13696.0,-0.10306136972232845,-0.01401755656231151
11220660,11650651,서초구,양재1동,주거형,0.6353603705890367,0.2812907232654972,20.769458059877994,9.267569218486253,5.109791833253427,51469.80710416666,477.0,263.0,41970.0,24087.0,-0.12944874501224846,-0.03404191651030834
11120740,11380625,은평구,역촌동,주거형,0.9268938351087486,0.2541332535657483,0.3635482134636554,10.880478674376542,4.5703203978288105,38509.3351625,419.0,176.0,43767.0,3452.0,-0.9233320712033363,-0.6680365830265854
11140610,11440610,마포구,염리동,주거형,0.8816178021514448,0.2973584976687594,6.793255002404317,11.138490184122393,3.1824257668921123,16339.736983333334,182.0,52.0,16719.0,2245.0,-0.48655278900131793,-1.0951403702823639
11190730,11560515,영등포구,영등포본동,주거형,0.8608349900596421,0.3589509203758243,17.976568666279046,12.187504180528167,4.773439137373532,19692.3009375,240.0,94.0,20784.0,3360.0,0.1724555227572483,-0.1930860254571073
11170670,11530770,구로구,오류1동,주거형,0.869962593035363,0.3311594150999101,15.804142757706376,9.157540663343882,6.006558929720181,20311.13012083333,186.0,122.0,22559.0,3372.0,-0.31989420689653075,0.11457966496161948
11170730,11530780,구로구,오류2동,주거형,0.9732671974937998,0.2271072115921996,7.529564323220812,4.088754513796465,4.669670455647329,44756.90565,183.0,209.0,37281.0,1024.0,-1.826533403539923,-0.5831912355688766
11040730,11200645,성동구,옥수동,주거형,0.8882011470135683,0.2737376944946779,1.0834142331531538,4.613247702458589,4.508401163766349,28613.247870833333,132.0,129.0,25399.0,3197.0,-1.2889065975543172,-1.113893928783615
11040710,11200535,성동구,왕십리도선동,주거형,0.8970396765572535,0.3369085514050583,13.180323952359917,20.73366344813541,9.581081642292402,19726.374020833333,409.0,189.0,26181.0,3005.0,0.8044722515809315,2.014430762016203
11030590,11170590,용산구,용문동,주거형,0.7870530465454042,0.3015485008118843,6.142569986522873,19.05771713767353,8.505096904416286,6349.134008333333,121.0,54.0,11380.0,3079.0,0.591932237397897,1.2480632084634689
11090740,11305645,강북구,우이동,주거형,0.9161104931405265,0.2464280547463528,14.727559270740509,13.611029506532743,7.018187089305946,18808.276029166667,256.0,132.0,19766.0,1810.0,-0.5883172631910086,1.031589696946367
11160740,11500615,강서구,우장산동,주거형,0.9348118998224865,0.2715632293516966,2.058916567239367,6.332728229539265,4.928921479148788,32055.69426666667,203.0,158.0,43709.0,3048.0,-1.2343388899714547,-0.7709349887255547
11030570,11170570,용산구,원효로2동,주거형,0.819362597714973,0.3304011697923254,17.907243966953803,6.453060888992361,5.565765016755912,12397.217595833334,80.0,69.0,13626.0,3004.0,-0.46582310457599596,-0.15608490535408615
11110510,11350560,노원구,월계1동,주거형,0.9419917393299678,0.3300589015570826,5.528744954783757,15.357624874399324,8.87949947283452,17906.414712499998,275.0,159.0,20526.0,1264.0,0.10006165323011934,1.185683288137385
11210780,11620605,관악구,은천동,주거형,0.9593536910761933,0.3415452588007241,0.8878505326585546,12.979529215532205,5.200267405571535,23652.6298375,307.0,123.0,32359.0,1371.0,-0.1664863598192732,-0.5610736994821537
11040580,11200580,성동구,응봉동,주거형,0.9649916031520476,0.2594092900723214,8.729545412531975,3.4918181650127895,7.520839124642931,7445.977645833334,26.0,56.0,14940.0,542.0,-1.5820836063074004,0.39594192150554897
11120600,11380590,은평구,응암2동,주거형,0.9827040632865875,0.2137942891897421,4.995202036897696,6.493762647967006,5.68204231697113,16015.368229166668,104.0,91.0,27329.0,481.0,-1.7084313987873672,-0.11683591813652537
11120730,11380600,은평구,응암3동,주거형,0.9418693467336683,0.2656694483331334,8.639465921823872,22.084634762662272,7.45153935757309,18519.66330416667,409.0,138.0,23429.0,1446.0,0.27148370760411067,1.3745672108889533
11030630,11170630,용산구,이촌1동,주거형,0.8084630350194553,0.2429471720931353,1.947654700439927,6.121200487096914,4.05430162132393,25158.46365833333,154.0,102.0,24933.0,5907.0,-1.1891477210896886,-1.1251259021535482
11090750,11305660,강북구,인수동,주거형,0.9094862649396158,0.2355652331541544,16.724916774946937,7.745381305446164,7.447482024467466,23497.874775,182.0,175.0,29069.0,2893.0,-1.1888410753568337,0.9784490023132758
11230730,11680730,강남구,일원1동,주거형,0.8887124358661129,0.2611696729264181,45.26306731515392,11.474029301918389,5.855711505806626,12637.234591666667,145.0,74.0,14550.0,1822.0,-0.5062006774369786,1.6754549911784158
11050650,11215830,광진구,자양2동,주거형,0.9039736368164923,0.3173482555132531,12.109420953983827,7.929300553498306,4.093932350990974,23205.073229166668,184.0,95.0,23591.0,2506.0,-0.6592734482575843,-0.7584516182851927
11050660,11215840,광진구,자양3동,주거형,0.9394389552960686,0.3141064642680924,0.1518899728415365,7.442608669235289,3.9871117870903334,26334.85229583333,196.0,105.0,27193.0,1753.0,-0.8637405250050241,-1.2863861800050262
11240750,11710690,송파구,잠실4동,주거형,0.826843542723371,0.2400167101739165,7.667006409889898,0.9583758012362371,2.954992053811731,25042.368525,24.0,74.0,21192.0,4438.0,-1.7322849174593753,-1.5683014871198473
11220550,11650540,서초구,잠원동,주거형,0.6428400095946271,0.2798486629431843,2.64039600168464,9.757985223617148,3.8744941329068086,34843.2583375,340.0,135.0,26800.0,14890.0,-0.21336471598246087,-1.2216865829670025
11060870,11230650,동대문구,장안1동,주거형,0.7877780131328108,0.2919073643456658,5.553870151534348,18.512900505114494,6.462685267239968,29709.012904166662,550.0,192.0,37191.0,10019.0,0.4330954116156237,0.452712122750714
11060880,11230660,동대문구,장안2동,주거형,0.8588709677419355,0.2393269490240689,2.6974059409950844,15.071755695310037,5.6645524760896775,29658.12404583333,447.0,168.0,32376.0,5320.0,-0.4498578202238604,0.0750595835506848
11080760,11290760,성북구,장위1동,주거형,0.9834091291898265,0.2466021644670823,3.7968772598302474,8.18701659150897,6.110599340039303,16855.957045833333,138.0,103.0,23354.0,394.0,-1.316058796972274,-0.020675246938924977
11080770,11290770,성북구,장위2동,주거형,0.9555815312682642,0.2887411057728687,4.358444803189649,11.807423194095598,7.052756136070525,12619.180116666668,149.0,89.0,13080.0,608.0,-0.5947667916390843,0.39696701448317206
11080780,11290780,성북구,장위3동,주거형,0.9825883246802584,0.2877620617990798,10.160354595476848,6.220625262536846,8.501521192133689,9645.332658333333,60.0,82.0,15519.0,275.0,-1.1396807856354545,0.8988014311719194
11240810,11710646,송파구,장지동,주거형,0.877875069371647,0.280232738461548,3.5969399405614317,5.128310410305407,4.843404276399551,28079.423529166663,144.0,136.0,28473.0,3961.0,-1.154024063680081,-0.8834940882368134
11060830,11230560,동대문구,전농1동,주거형,0.9904982261298781,0.3221275414398599,3.826187931453737,10.971783935890516,3.8515269243772714,39464.86756666667,433.0,152.0,32107.0,308.0,-0.5730908392772889,-0.9701846080477423
11080630,11290630,성북구,정릉2동,주거형,0.9540561159616852,0.2525479932452223,1.19056405691202,7.606381474715683,7.275669236684566,15118.884108333334,115.0,110.0,22510.0,1084.0,-1.2552036654298988,0.23423802402587193
11080640,11290640,성북구,정릉3동,주거형,0.981531383503122,0.403968872823754,0.0765607901109523,9.952902714423798,9.493537973758084,13061.516195833334,130.0,124.0,14934.0,281.0,0.008263822356051479,0.6651338661742285
11060820,11230545,동대문구,제기동,주거형,0.8616458403692446,0.3360425795232606,19.120751394064257,16.887670939283034,10.048862046515524,28659.9615625,484.0,288.0,22962.0,3687.0,0.5486585125655717,2.196928996461414
11110610,11350621,노원구,중계1동,주거형,0.956948585557414,0.1605926126983768,3.107636541630288,4.545498225071167,3.9425239707249924,21559.79282083333,98.0,85.0,26318.0,1184.0,-2.249361448303345,-0.8039586819873864
11110780,11350625,노원구,중계2.3동,주거형,0.9645655270655271,0.234488306825242,8.329024088259755,4.4567585033670625,5.187374651460024,27374.155433333333,122.0,142.0,32502.0,1194.0,-1.7076025838529956,-0.3653044258782267
11110640,11350624,노원구,중계4동,주거형,0.9411127523387494,0.2031833227184855,2.783355278627651,15.772346578890021,5.7808148094574285,14011.865570833334,221.0,81.0,19114.0,1196.0,-0.8207749229226672,0.3535457372153874
11110600,11350619,노원구,중계본동,주거형,0.9655923892544319,0.1503754305218919,2.4727090106750222,6.777054325553765,4.350136222483836,21838.396579166667,148.0,95.0,23040.0,821.0,-2.125713505893827,-0.5081892329298416
11050560,11215750,광진구,중곡2동,주거형,0.9011114527962044,0.3347546770823843,4.697799940387257,15.528838691835656,6.785711025003816,15326.323154166666,238.0,104.0,20512.0,2251.0,0.20147156004574698,0.3178422505193036
11050570,11215760,광진구,중곡3동,주거형,0.9682020251914053,0.298058099162882,21.01673593879524,16.41932495218378,7.963372601809134,12180.768733333332,200.0,97.0,15681.0,515.0,-0.029661382338935217,1.6776566005230973
11050580,11215770,광진구,중곡4동,주거형,0.9092983268302361,0.2709955539412048,1.3670354610631448,9.204705437825176,4.784624113721007,21945.297583333333,202.0,105.0,27499.0,2743.0,-0.9151020544877593,-0.7115761680416878
11020680,11140680,중구,중림동,주거형,0.758637925648235,0.3157599246429018,20.131855659822573,21.498833513267314,9.568844974113198,8046.948216666667,173.0,77.0,12142.0,3863.0,1.0686133010714043,2.3020285707461694
11070610,11260600,중랑구,중화1동,주거형,0.9447251414713015,0.2616743154201054,20.60834779417116,6.98891794758848,7.07851945973705,11160.525933333332,78.0,79.0,18698.0,1094.0,-1.1434494222883032,0.8983349921576103
11070620,11260610,중랑구,중화2동,주거형,0.9850387500518049,0.2668850426369529,28.180202329735447,14.02875094208891,5.030718267862787,24449.788966666663,343.0,123.0,23768.0,361.0,-0.5313848273653033,0.8522382600747399
11120710,11380690,은평구,진관동,주거형,0.9781232009211284,0.2303884264571441,9.798898519184876,5.492265184240633,4.219454522495979,57353.38506666667,315.0,242.0,54368.0,1216.0,-1.6788044688271342,-0.5867661710714294
11100590,11320511,도봉구,창1동,주거형,0.9680361578240156,0.2558941050890146,2.4841171384638177,8.812701276931163,5.55969073846664,16907.415254166666,149.0,94.0,23774.0,785.0,-1.1721311957264031,-0.2933771541095699
11100600,11320512,도봉구,창2동,주거형,0.9634087955680186,0.273278303485593,5.200845117679575,5.637557303133584,3.7716052380119045,25188.2140375,142.0,95.0,28172.0,1070.0,-1.3575030653892899,-1.0992938654135676
11100610,11320513,도봉구,창3동,주거형,0.9640398418045993,0.2176735331397805,8.58624937313448,15.455248871642068,7.083655732835948,9317.222983333331,144.0,66.0,13163.0,491.0,-0.7511218016667647,1.041264043097008
11100620,11320514,도봉구,창4동,주거형,0.9349721309132485,0.2402550283738236,18.93680165493308,6.5605024459974155,4.610082799890075,28199.059679166665,185.0,130.0,26168.0,1820.0,-1.3632426361650019,-0.06548899429563423
11100630,11320515,도봉구,창5동,주거형,0.8273807461807601,0.2560671667731444,13.059903778152416,12.515741120729398,6.475535623333906,18376.8582125,230.0,119.0,23884.0,4983.0,-0.4419971810286788,0.5884009235652977
11010690,11110690,종로구,창신3동,주거형,0.9879968823070927,0.2599607481681191,20.48817472092244,6.059882663934807,6.925580187354065,3465.4136333333336,21.0,24.0,6338.0,77.0,-1.343496315288102,0.8244909543207517
11130520,11410520,서대문구,천연동,주거형,0.9360751258697743,0.2468357715488061,9.971288505688578,13.793615766202533,10.552947001853745,12034.553,166.0,127.0,16547.0,1130.0,-0.5741282101663724,2.196668062139607
11250610,11740600,강동구,천호1동,주거형,0.9394169835234474,0.2431936825106,7.884329718361914,8.068543029538596,3.389524925650917,27142.44680833333,219.0,92.0,25942.0,1673.0,-1.2807452673345712,-0.911503959882685
11250730,11740610,강동구,천호2동,주거형,0.9187062691432265,0.2967031536590813,40.30176976707549,11.789961008540464,4.296879864872018,47243.582875,557.0,203.0,32694.0,2893.0,-0.34145115551010263,0.7985903470075638
11250630,11740620,강동구,천호3동,주거형,0.9567828457740771,0.3348667550934613,15.033373026995656,13.350532762779723,4.300591786329602,26740.505891666664,357.0,115.0,25969.0,1173.0,-0.12396813932621842,-0.2682858869570548
11020720,11140645,중구,청구동,주거형,0.8560761250247803,0.305387397640061,7.606882298917762,7.606882298917763,5.071254865945175,6704.4549916666665,51.0,34.0,12955.0,2178.0,-0.6708366851541882,-0.5935036386897721
11060800,11230705,동대문구,청량리동,주거형,0.88884661117717,0.2870793929305096,4.140118076033976,12.19776723476677,6.855679394722929,22463.12745,274.0,154.0,18688.0,2337.0,-0.42452112270111475,0.2858835172140482
11130730,11410565,서대문구,충현동,주거형,0.6385284194134441,0.3261458631852469,4.047054689631674,10.813224248859626,5.81764111634553,31627.939283333337,342.0,184.0,19682.0,11142.0,0.26288331701021167,-0.5291425289206663
11010560,11110560,종로구,평창동,주거형,0.5381635625522948,0.2083421488257028,2.2519543707400884,5.742483645387226,9.120415201497359,17762.3492375,102.0,162.0,17366.0,14903.0,-0.7765455093781461,0.6803836533715336
11240510,11710510,송파구,풍납1동,주거형,0.947504233529554,0.2890319250880618,8.924724356634439,6.091478529131443,3.3998949930035964,14118.0830875,86.0,48.0,11750.0,651.0,-1.157046182255196,-1.1255967453053621
11240520,11710520,송파구,풍납2동,주거형,0.9802305739376534,0.2846050994530933,11.911593749044304,3.8548847084285778,4.818605885535722,25941.113045833332,100.0,125.0,23552.0,475.0,-1.4354475803268196,-0.5473995406519363
11110580,11350611,노원구,하계1동,주거형,0.9633507853403142,0.2683297521820649,6.635489550274561,7.496583614050648,6.7367947342482175,19742.326320833334,148.0,133.0,26128.0,994.0,-1.1593420672378123,0.20550677784311377
11040570,11200570,성동구,행당2동,주거형,0.9998687319506432,0.2581996162481163,12.597603876994151,4.199201292331384,6.379555809503449,12383.307295833334,52.0,79.0,22851.0,3.0,-1.6037077408929692,0.19835044599927606
11130660,11410660,서대문구,홍은1동,주거형,0.8770582647245092,0.2470728353897184,13.129536100284636,9.293941284471147,6.343483733845386,13557.219283333334,126.0,86.0,22158.0,3106.0,-0.9235533724108278,0.4312051454476691
11130680,11410685,서대문구,홍은2동,주거형,0.9409143423007097,0.2696862726822256,10.679010521616016,9.064135759810668,8.386930214537456,19196.53507083333,174.0,161.0,28505.0,1790.0,-0.9046932608747522,1.0649731933686861
11130620,11410620,서대문구,홍제1동,주거형,0.9315936345124066,0.2566046864416403,1.4114373683721568,7.0101389295817125,6.351468157674706,21254.928254166665,149.0,135.0,24704.0,1814.0,-1.2474240442236,-0.17256912350513406
11130650,11410655,서대문구,홍제2동,주거형,0.9752958579881656,0.2515927576335119,2.03572185215241,7.424397343144084,6.705907277678528,8350.846154166667,62.0,56.0,13186.0,334.0,-1.3326131620837407,0.06432007879129768
11130640,11410640,서대문구,홍제3동,주거형,0.9555880125500379,0.2443041351437953,8.130647490670464,16.40269754639607,9.120465446056436,14144.014991666663,232.0,129.0,17665.0,821.0,-0.421652907844658,1.7490802025589791
11160730,11500540,강서구,화곡1동,주거형,0.9279653267985809,0.3377179409985142,16.37497396808344,9.934816523318917,3.7609188178728226,60091.69858333334,597.0,226.0,50743.0,3939.0,-0.3655931557788099,-0.6427731769994914
11160570,11500550,강서구,화곡2동,주거형,0.9050400977215997,0.258234460250835,6.015004186825333,7.4669017491624805,6.740952967993906,9642.553554166669,72.0,65.0,17041.0,1788.0,-1.1056940225815655,0.1658786531121388
11160580,11500560,강서구,화곡3동,주거형,0.8760279092947919,0.2732243328385672,6.272533989257915,15.52293765018373,5.512226839044835,15783.095025,245.0,87.0,21093.0,2985.0,-0.19238049660725473,0.09070938852227022
11160590,11500570,강서구,화곡4동,주거형,0.9038408653405445,0.2566295452324579,14.098543573337404,18.774793174394862,7.049271786668703,14327.721083333332,269.0,101.0,19720.0,2098.0,-0.002506323943570281,1.2634267610568297
11160630,11500593,강서구,화곡8동,주거형,0.9268196358753604,0.312535241643393,10.042331761949916,3.2873378834007316,1.3177092781564115,72094.80996666667,237.0,95.0,23468.0,1853.0,-1.2403964647501335,-2.1230264146123408
11160550,11500590,강서구,화곡본동,주거형,0.9417883576715343,0.3204186132219068,21.85685791989716,11.926044881603636,6.575195847271966,22052.575066666668,263.0,145.0,32956.0,2037.0,-0.2574946254661084,0.8353329871234798
11030510,11170510,용산구,후암동,주거형,0.8947221446523318,0.3282822319274544,3.5236147766539663,15.17864826866324,7.227927746982496,11068.1792625,168.0,80.0,16020.0,1885.0,0.13911547077857342,0.4332876779444729
11060730,11230730,동대문구,휘경2동,주거형,0.9565630568204316,0.3768455505798304,6.23281131589413,8.042337181798878,5.629636027259214,14921.035675,120.0,84.0,24158.0,1097.0,-0.3462897698208588,-0.5763407194104784
11200710,11590605,동작구,흑석동,주거형,0.996966464430962,0.3579863573117279,1.7765911625947153,12.218596363151411,7.07010768787693,27580.90945833333,337.0,195.0,29907.0,91.0,-0.17054992592469845,0.11616021049366405
